Symbol Name,Reference,Value,Footprint,Datasheet,Description,Manufacturer,MPN,Tolerance,Series,Trustedparts Search
L_XAL1350-631ME,L,630 nH,footprints:XAL1350,https://www.coilcraft.com/getmedia/dc536f86-3a3b-454f-950e-8e153260e61c/xal1350.pdf,INDUCTOR SMD 630 nH ±20% AEC-Q200,Coilcraft,XAL1350-631ME,±20%,XAL1350,https://www.trustedparts.com/en/search/XAL1350-631ME
L_XAL1350-931ME,L,930 nH,footprints:XAL1350,https://www.coilcraft.com/getmedia/dc536f86-3a3b-454f-950e-8e153260e61c/xal1350.pdf,INDUCTOR SMD 930 nH ±20% AEC-Q200,Coilcraft,XAL1350-931ME,±20%,XAL1350,https://www.trustedparts.com/en/search/XAL1350-931ME
L_XAL1350-132ME,L,1.3 µH,footprints:XAL1350,https://www.coilcraft.com/getmedia/dc536f86-3a3b-454f-950e-8e153260e61c/xal1350.pdf,INDUCTOR SMD 1.3 µH ±20% AEC-Q200,Coilcraft,XAL1350-132ME,±20%,XAL1350,https://www.trustedparts.com/en/search/XAL1350-132ME
L_XAL1350-222ME,L,2.2 µH,footprints:XAL1350,https://www.coilcraft.com/getmedia/dc536f86-3a3b-454f-950e-8e153260e61c/xal1350.pdf,INDUCTOR SMD 2.2 µH ±20% AEC-Q200,Coilcraft,XAL1350-222ME,±20%,XAL1350,https://www.trustedparts.com/en/search/XAL1350-222ME
L_XAL1350-302ME,L,3 µH,footprints:XAL1350,https://www.coilcraft.com/getmedia/dc536f86-3a3b-454f-950e-8e153260e61c/xal1350.pdf,INDUCTOR SMD 3 µH ±20% AEC-Q200,Coilcraft,XAL1350-302ME,±20%,XAL1350,https://www.trustedparts.com/en/search/XAL1350-302ME
L_XAL1010-221ME,L,220 nH,footprints:XAL1010,https://www.coilcraft.com/getmedia/dd74e670-e705-456a-9a69-585fe02eaf3c/xal1010.pdf,INDUCTOR SMD 220 nH ±20% AEC-Q200,Coilcraft,XAL1010-221ME,±20%,XAL1010,https://www.trustedparts.com/en/search/XAL1010-221ME
L_XAL1010-451ME,L,450 nH,footprints:XAL1010,https://www.coilcraft.com/getmedia/dd74e670-e705-456a-9a69-585fe02eaf3c/xal1010.pdf,INDUCTOR SMD 450 nH ±20% AEC-Q200,Coilcraft,XAL1010-451ME,±20%,XAL1010,https://www.trustedparts.com/en/search/XAL1010-451ME
L_XAL1010-681ME,L,680 nH,footprints:XAL1010,https://www.coilcraft.com/getmedia/dd74e670-e705-456a-9a69-585fe02eaf3c/xal1010.pdf,INDUCTOR SMD 680 nH ±20% AEC-Q200,Coilcraft,XAL1010-681ME,±20%,XAL1010,https://www.trustedparts.com/en/search/XAL1010-681ME
L_XAL1010-102ME,L,1 µH,footprints:XAL1010,https://www.coilcraft.com/getmedia/dd74e670-e705-456a-9a69-585fe02eaf3c/xal1010.pdf,INDUCTOR SMD 1 µH ±20% AEC-Q200,Coilcraft,XAL1010-102ME,±20%,XAL1010,https://www.trustedparts.com/en/search/XAL1010-102ME
L_XAL1010-152ME,L,1.5 µH,footprints:XAL1010,https://www.coilcraft.com/getmedia/dd74e670-e705-456a-9a69-585fe02eaf3c/xal1010.pdf,INDUCTOR SMD 1.5 µH ±20% AEC-Q200,Coilcraft,XAL1010-152ME,±20%,XAL1010,https://www.trustedparts.com/en/search/XAL1010-152ME
L_XAL1010-222ME,L,2.2 µH,footprints:XAL1010,https://www.coilcraft.com/getmedia/dd74e670-e705-456a-9a69-585fe02eaf3c/xal1010.pdf,INDUCTOR SMD 2.2 µH ±20% AEC-Q200,Coilcraft,XAL1010-222ME,±20%,XAL1010,https://www.trustedparts.com/en/search/XAL1010-222ME
L_XAL1010-332ME,L,3.3 µH,footprints:XAL1010,https://www.coilcraft.com/getmedia/dd74e670-e705-456a-9a69-585fe02eaf3c/xal1010.pdf,INDUCTOR SMD 3.3 µH ±20% AEC-Q200,Coilcraft,XAL1010-332ME,±20%,XAL1010,https://www.trustedparts.com/en/search/XAL1010-332ME
L_XAL1010-472ME,L,4.7 µH,footprints:XAL1010,https://www.coilcraft.com/getmedia/dd74e670-e705-456a-9a69-585fe02eaf3c/xal1010.pdf,INDUCTOR SMD 4.7 µH ±20% AEC-Q200,Coilcraft,XAL1010-472ME,±20%,XAL1010,https://www.trustedparts.com/en/search/XAL1010-472ME
L_XAL1010-562ME,L,5.6 µH,footprints:XAL1010,https://www.coilcraft.com/getmedia/dd74e670-e705-456a-9a69-585fe02eaf3c/xal1010.pdf,INDUCTOR SMD 5.6 µH ±20% AEC-Q200,Coilcraft,XAL1010-562ME,±20%,XAL1010,https://www.trustedparts.com/en/search/XAL1010-562ME
L_XAL1010-682ME,L,6.8 µH,footprints:XAL1010,https://www.coilcraft.com/getmedia/dd74e670-e705-456a-9a69-585fe02eaf3c/xal1010.pdf,INDUCTOR SMD 6.8 µH ±20% AEC-Q200,Coilcraft,XAL1010-682ME,±20%,XAL1010,https://www.trustedparts.com/en/search/XAL1010-682ME
L_XAL1010-822ME,L,8.2 µH,footprints:XAL1010,https://www.coilcraft.com/getmedia/dd74e670-e705-456a-9a69-585fe02eaf3c/xal1010.pdf,INDUCTOR SMD 8.2 µH ±20% AEC-Q200,Coilcraft,XAL1010-822ME,±20%,XAL1010,https://www.trustedparts.com/en/search/XAL1010-822ME
L_XAL1010-103ME,L,10 µH,footprints:XAL1010,https://www.coilcraft.com/getmedia/dd74e670-e705-456a-9a69-585fe02eaf3c/xal1010.pdf,INDUCTOR SMD 10 µH ±20% AEC-Q200,Coilcraft,XAL1010-103ME,±20%,XAL1010,https://www.trustedparts.com/en/search/XAL1010-103ME
L_XAL1010-153ME,L,15 µH,footprints:XAL1010,https://www.coilcraft.com/getmedia/dd74e670-e705-456a-9a69-585fe02eaf3c/xal1010.pdf,INDUCTOR SMD 15 µH ±20% AEC-Q200,Coilcraft,XAL1010-153ME,±20%,XAL1010,https://www.trustedparts.com/en/search/XAL1010-153ME
L_XAL1080-103ME,L,10 µH,footprints:XAL1080,https://www.coilcraft.com/getmedia/18b60eaf-2c95-4723-8b7f-5f43f66ed007/xal1080.pdf,INDUCTOR SMD 10 µH ±20% AEC-Q200,Coilcraft,XAL1080-103ME,±20%,XAL1080,https://www.trustedparts.com/en/search/XAL1080-103ME
L_XAL1080-123ME,L,12 µH,footprints:XAL1080,https://www.coilcraft.com/getmedia/18b60eaf-2c95-4723-8b7f-5f43f66ed007/xal1080.pdf,INDUCTOR SMD 12 µH ±20% AEC-Q200,Coilcraft,XAL1080-123ME,±20%,XAL1080,https://www.trustedparts.com/en/search/XAL1080-123ME
L_XAL1080-153ME,L,15 µH,footprints:XAL1080,https://www.coilcraft.com/getmedia/18b60eaf-2c95-4723-8b7f-5f43f66ed007/xal1080.pdf,INDUCTOR SMD 15 µH ±20% AEC-Q200,Coilcraft,XAL1080-153ME,±20%,XAL1080,https://www.trustedparts.com/en/search/XAL1080-153ME
L_XAL1080-183ME,L,18 µH,footprints:XAL1080,https://www.coilcraft.com/getmedia/18b60eaf-2c95-4723-8b7f-5f43f66ed007/xal1080.pdf,INDUCTOR SMD 18 µH ±20% AEC-Q200,Coilcraft,XAL1080-183ME,±20%,XAL1080,https://www.trustedparts.com/en/search/XAL1080-183ME
L_XAL1080-223ME,L,22 µH,footprints:XAL1080,https://www.coilcraft.com/getmedia/18b60eaf-2c95-4723-8b7f-5f43f66ed007/xal1080.pdf,INDUCTOR SMD 22 µH ±20% AEC-Q200,Coilcraft,XAL1080-223ME,±20%,XAL1080,https://www.trustedparts.com/en/search/XAL1080-223ME
L_XAL1080-333ME,L,33 µH,footprints:XAL1080,https://www.coilcraft.com/getmedia/18b60eaf-2c95-4723-8b7f-5f43f66ed007/xal1080.pdf,INDUCTOR SMD 33 µH ±20% AEC-Q200,Coilcraft,XAL1080-333ME,±20%,XAL1080,https://www.trustedparts.com/en/search/XAL1080-333ME
L_XAL1060-181ME,L,180 nH,footprints:XAL1060,https://www.coilcraft.com/getmedia/8909f858-b441-4d60-acff-8b8ca36f9ede/xal1060.pdf,INDUCTOR SMD 180 nH ±20% AEC-Q200,Coilcraft,XAL1060-181ME,±20%,XAL1060,https://www.trustedparts.com/en/search/XAL1060-181ME
L_XAL1060-401ME,L,400 nH,footprints:XAL1060,https://www.coilcraft.com/getmedia/8909f858-b441-4d60-acff-8b8ca36f9ede/xal1060.pdf,INDUCTOR SMD 400 nH ±20% AEC-Q200,Coilcraft,XAL1060-401ME,±20%,XAL1060,https://www.trustedparts.com/en/search/XAL1060-401ME
L_XAL1060-681ME,L,680 nH,footprints:XAL1060,https://www.coilcraft.com/getmedia/8909f858-b441-4d60-acff-8b8ca36f9ede/xal1060.pdf,INDUCTOR SMD 680 nH ±20% AEC-Q200,Coilcraft,XAL1060-681ME,±20%,XAL1060,https://www.trustedparts.com/en/search/XAL1060-681ME
L_XAL1060-122ME,L,1.2 µH,footprints:XAL1060,https://www.coilcraft.com/getmedia/8909f858-b441-4d60-acff-8b8ca36f9ede/xal1060.pdf,INDUCTOR SMD 1.2 µH ±20% AEC-Q200,Coilcraft,XAL1060-122ME,±20%,XAL1060,https://www.trustedparts.com/en/search/XAL1060-122ME
L_XAL1060-152ME,L,1.5 µH,footprints:XAL1060,https://www.coilcraft.com/getmedia/8909f858-b441-4d60-acff-8b8ca36f9ede/xal1060.pdf,INDUCTOR SMD 1.5 µH ±20% AEC-Q200,Coilcraft,XAL1060-152ME,±20%,XAL1060,https://www.trustedparts.com/en/search/XAL1060-152ME
L_XAL1060-222ME,L,2.2 µH,footprints:XAL1060,https://www.coilcraft.com/getmedia/8909f858-b441-4d60-acff-8b8ca36f9ede/xal1060.pdf,INDUCTOR SMD 2.2 µH ±20% AEC-Q200,Coilcraft,XAL1060-222ME,±20%,XAL1060,https://www.trustedparts.com/en/search/XAL1060-222ME
L_XAL1060-332ME,L,3.3 µH,footprints:XAL1060,https://www.coilcraft.com/getmedia/8909f858-b441-4d60-acff-8b8ca36f9ede/xal1060.pdf,INDUCTOR SMD 3.3 µH ±20% AEC-Q200,Coilcraft,XAL1060-332ME,±20%,XAL1060,https://www.trustedparts.com/en/search/XAL1060-332ME
L_XAL1060-472ME,L,4.7 µH,footprints:XAL1060,https://www.coilcraft.com/getmedia/8909f858-b441-4d60-acff-8b8ca36f9ede/xal1060.pdf,INDUCTOR SMD 4.7 µH ±20% AEC-Q200,Coilcraft,XAL1060-472ME,±20%,XAL1060,https://www.trustedparts.com/en/search/XAL1060-472ME
L_XAL1030-161ME,L,160 nH,footprints:XAL1030,https://www.coilcraft.com/getmedia/7b108457-7731-456d-9256-ca72f2e1a551/xal1030.pdf,INDUCTOR SMD 160 nH ±20% AEC-Q200,Coilcraft,XAL1030-161ME,±20%,XAL1030,https://www.trustedparts.com/en/search/XAL1030-161ME
L_XAL1030-301ME,L,300 nH,footprints:XAL1030,https://www.coilcraft.com/getmedia/7b108457-7731-456d-9256-ca72f2e1a551/xal1030.pdf,INDUCTOR SMD 300 nH ±20% AEC-Q200,Coilcraft,XAL1030-301ME,±20%,XAL1030,https://www.trustedparts.com/en/search/XAL1030-301ME
L_XAL1030-561ME,L,560 nH,footprints:XAL1030,https://www.coilcraft.com/getmedia/7b108457-7731-456d-9256-ca72f2e1a551/xal1030.pdf,INDUCTOR SMD 560 nH ±20% AEC-Q200,Coilcraft,XAL1030-561ME,±20%,XAL1030,https://www.trustedparts.com/en/search/XAL1030-561ME
L_XAL1030-102ME,L,1 µH,footprints:XAL1030,https://www.coilcraft.com/getmedia/7b108457-7731-456d-9256-ca72f2e1a551/xal1030.pdf,INDUCTOR SMD 1 µH ±20% AEC-Q200,Coilcraft,XAL1030-102ME,±20%,XAL1030,https://www.trustedparts.com/en/search/XAL1030-102ME
L_XAL8080-681ME,L,680 nH,footprints:XAL8080,https://www.coilcraft.com/getmedia/345e50d6-a804-4ecb-9a92-5185221faf3e/xal8080.pdf,INDUCTOR SMD 680 nH ±20% AEC-Q200,Coilcraft,XAL8080-681ME,±20%,XAL8080,https://www.trustedparts.com/en/search/XAL8080-681ME
L_XAL8080-841ME,L,840 nH,footprints:XAL8080,https://www.coilcraft.com/getmedia/345e50d6-a804-4ecb-9a92-5185221faf3e/xal8080.pdf,INDUCTOR SMD 840 nH ±20% AEC-Q200,Coilcraft,XAL8080-841ME,±20%,XAL8080,https://www.trustedparts.com/en/search/XAL8080-841ME
L_XAL8080-102ME,L,1 µH,footprints:XAL8080,https://www.coilcraft.com/getmedia/345e50d6-a804-4ecb-9a92-5185221faf3e/xal8080.pdf,INDUCTOR SMD 1 µH ±20% AEC-Q200,Coilcraft,XAL8080-102ME,±20%,XAL8080,https://www.trustedparts.com/en/search/XAL8080-102ME
L_XAL8080-222ME,L,2.2 µH,footprints:XAL8080,https://www.coilcraft.com/getmedia/345e50d6-a804-4ecb-9a92-5185221faf3e/xal8080.pdf,INDUCTOR SMD 2.2 µH ±20% AEC-Q200,Coilcraft,XAL8080-222ME,±20%,XAL8080,https://www.trustedparts.com/en/search/XAL8080-222ME
L_XAL8080-472ME,L,4.7 µH,footprints:XAL8080,https://www.coilcraft.com/getmedia/345e50d6-a804-4ecb-9a92-5185221faf3e/xal8080.pdf,INDUCTOR SMD 4.7 µH ±20% AEC-Q200,Coilcraft,XAL8080-472ME,±20%,XAL8080,https://www.trustedparts.com/en/search/XAL8080-472ME
L_XAL8080-682ME,L,6.8 µH,footprints:XAL8080,https://www.coilcraft.com/getmedia/345e50d6-a804-4ecb-9a92-5185221faf3e/xal8080.pdf,INDUCTOR SMD 6.8 µH ±20% AEC-Q200,Coilcraft,XAL8080-682ME,±20%,XAL8080,https://www.trustedparts.com/en/search/XAL8080-682ME
L_XAL8080-103ME,L,10 µH,footprints:XAL8080,https://www.coilcraft.com/getmedia/345e50d6-a804-4ecb-9a92-5185221faf3e/xal8080.pdf,INDUCTOR SMD 10 µH ±20% AEC-Q200,Coilcraft,XAL8080-103ME,±20%,XAL8080,https://www.trustedparts.com/en/search/XAL8080-103ME
L_XAL8080-123ME,L,12 µH,footprints:XAL8080,https://www.coilcraft.com/getmedia/345e50d6-a804-4ecb-9a92-5185221faf3e/xal8080.pdf,INDUCTOR SMD 12 µH ±20% AEC-Q200,Coilcraft,XAL8080-123ME,±20%,XAL8080,https://www.trustedparts.com/en/search/XAL8080-123ME
L_XAL8080-153ME,L,15 µH,footprints:XAL8080,https://www.coilcraft.com/getmedia/345e50d6-a804-4ecb-9a92-5185221faf3e/xal8080.pdf,INDUCTOR SMD 15 µH ±20% AEC-Q200,Coilcraft,XAL8080-153ME,±20%,XAL8080,https://www.trustedparts.com/en/search/XAL8080-153ME
L_XAL8080-183ME,L,18 µH,footprints:XAL8080,https://www.coilcraft.com/getmedia/345e50d6-a804-4ecb-9a92-5185221faf3e/xal8080.pdf,INDUCTOR SMD 18 µH ±20% AEC-Q200,Coilcraft,XAL8080-183ME,±20%,XAL8080,https://www.trustedparts.com/en/search/XAL8080-183ME
L_XAL8080-223ME,L,22 µH,footprints:XAL8080,https://www.coilcraft.com/getmedia/345e50d6-a804-4ecb-9a92-5185221faf3e/xal8080.pdf,INDUCTOR SMD 22 µH ±20% AEC-Q200,Coilcraft,XAL8080-223ME,±20%,XAL8080,https://www.trustedparts.com/en/search/XAL8080-223ME
L_XAL8080-333ME,L,33 µH,footprints:XAL8080,https://www.coilcraft.com/getmedia/345e50d6-a804-4ecb-9a92-5185221faf3e/xal8080.pdf,INDUCTOR SMD 33 µH ±20% AEC-Q200,Coilcraft,XAL8080-333ME,±20%,XAL8080,https://www.trustedparts.com/en/search/XAL8080-333ME
L_XAL8080-473ME,L,47 µH,footprints:XAL8080,https://www.coilcraft.com/getmedia/345e50d6-a804-4ecb-9a92-5185221faf3e/xal8080.pdf,INDUCTOR SMD 47 µH ±20% AEC-Q200,Coilcraft,XAL8080-473ME,±20%,XAL8080,https://www.trustedparts.com/en/search/XAL8080-473ME
L_XAL8050-223ME,L,22 µH,footprints:XAL8050,https://www.coilcraft.com/getmedia/5885ede8-ea4f-464a-9dcb-18dbf143a845/xal8050.pdf,INDUCTOR SMD 22 µH ±20% AEC-Q200,Coilcraft,XAL8050-223ME,±20%,XAL8050,https://www.trustedparts.com/en/search/XAL8050-223ME
L_XAL7070-161ME,L,160 nH,footprints:XAL7070,https://www.coilcraft.com/getmedia/1ba55433-bcc8-4838-9b21-382f497e12e0/xal7070.pdf,INDUCTOR SMD 160 nH ±20% AEC-Q200,Coilcraft,XAL7070-161ME,±20%,XAL7070,https://www.trustedparts.com/en/search/XAL7070-161ME
L_XAL7070-301ME,L,300 nH,footprints:XAL7070,https://www.coilcraft.com/getmedia/1ba55433-bcc8-4838-9b21-382f497e12e0/xal7070.pdf,INDUCTOR SMD 300 nH ±20% AEC-Q200,Coilcraft,XAL7070-301ME,±20%,XAL7070,https://www.trustedparts.com/en/search/XAL7070-301ME
L_XAL7070-551ME,L,550 nH,footprints:XAL7070,https://www.coilcraft.com/getmedia/1ba55433-bcc8-4838-9b21-382f497e12e0/xal7070.pdf,INDUCTOR SMD 550 nH ±20% AEC-Q200,Coilcraft,XAL7070-551ME,±20%,XAL7070,https://www.trustedparts.com/en/search/XAL7070-551ME
L_XAL7070-651ME,L,650 nH,footprints:XAL7070,https://www.coilcraft.com/getmedia/1ba55433-bcc8-4838-9b21-382f497e12e0/xal7070.pdf,INDUCTOR SMD 650 nH ±20% AEC-Q200,Coilcraft,XAL7070-651ME,±20%,XAL7070,https://www.trustedparts.com/en/search/XAL7070-651ME
L_XAL7070-801ME,L,800 nH,footprints:XAL7070,https://www.coilcraft.com/getmedia/1ba55433-bcc8-4838-9b21-382f497e12e0/xal7070.pdf,INDUCTOR SMD 800 nH ±20% AEC-Q200,Coilcraft,XAL7070-801ME,±20%,XAL7070,https://www.trustedparts.com/en/search/XAL7070-801ME
L_XAL7070-102ME,L,1 µH,footprints:XAL7070,https://www.coilcraft.com/getmedia/1ba55433-bcc8-4838-9b21-382f497e12e0/xal7070.pdf,INDUCTOR SMD 1 µH ±20% AEC-Q200,Coilcraft,XAL7070-102ME,±20%,XAL7070,https://www.trustedparts.com/en/search/XAL7070-102ME
L_XAL7070-122ME,L,1.2 µH,footprints:XAL7070,https://www.coilcraft.com/getmedia/1ba55433-bcc8-4838-9b21-382f497e12e0/xal7070.pdf,INDUCTOR SMD 1.2 µH ±20% AEC-Q200,Coilcraft,XAL7070-122ME,±20%,XAL7070,https://www.trustedparts.com/en/search/XAL7070-122ME
L_XAL7070-182ME,L,1.8 µH,footprints:XAL7070,https://www.coilcraft.com/getmedia/1ba55433-bcc8-4838-9b21-382f497e12e0/xal7070.pdf,INDUCTOR SMD 1.8 µH ±20% AEC-Q200,Coilcraft,XAL7070-182ME,±20%,XAL7070,https://www.trustedparts.com/en/search/XAL7070-182ME
L_XAL7070-222ME,L,2.2 µH,footprints:XAL7070,https://www.coilcraft.com/getmedia/1ba55433-bcc8-4838-9b21-382f497e12e0/xal7070.pdf,INDUCTOR SMD 2.2 µH ±20% AEC-Q200,Coilcraft,XAL7070-222ME,±20%,XAL7070,https://www.trustedparts.com/en/search/XAL7070-222ME
L_XAL7070-332ME,L,3.3 µH,footprints:XAL7070,https://www.coilcraft.com/getmedia/1ba55433-bcc8-4838-9b21-382f497e12e0/xal7070.pdf,INDUCTOR SMD 3.3 µH ±20% AEC-Q200,Coilcraft,XAL7070-332ME,±20%,XAL7070,https://www.trustedparts.com/en/search/XAL7070-332ME
L_XAL7070-472ME,L,4.7 µH,footprints:XAL7070,https://www.coilcraft.com/getmedia/1ba55433-bcc8-4838-9b21-382f497e12e0/xal7070.pdf,INDUCTOR SMD 4.7 µH ±20% AEC-Q200,Coilcraft,XAL7070-472ME,±20%,XAL7070,https://www.trustedparts.com/en/search/XAL7070-472ME
L_XAL7070-562ME,L,5.6 µH,footprints:XAL7070,https://www.coilcraft.com/getmedia/1ba55433-bcc8-4838-9b21-382f497e12e0/xal7070.pdf,INDUCTOR SMD 5.6 µH ±20% AEC-Q200,Coilcraft,XAL7070-562ME,±20%,XAL7070,https://www.trustedparts.com/en/search/XAL7070-562ME
L_XAL7070-682ME,L,6.8 µH,footprints:XAL7070,https://www.coilcraft.com/getmedia/1ba55433-bcc8-4838-9b21-382f497e12e0/xal7070.pdf,INDUCTOR SMD 6.8 µH ±20% AEC-Q200,Coilcraft,XAL7070-682ME,±20%,XAL7070,https://www.trustedparts.com/en/search/XAL7070-682ME
L_XAL7070-103ME,L,10 µH,footprints:XAL7070,https://www.coilcraft.com/getmedia/1ba55433-bcc8-4838-9b21-382f497e12e0/xal7070.pdf,INDUCTOR SMD 10 µH ±20% AEC-Q200,Coilcraft,XAL7070-103ME,±20%,XAL7070,https://www.trustedparts.com/en/search/XAL7070-103ME
L_XAL7070-123ME,L,12 µH,footprints:XAL7070,https://www.coilcraft.com/getmedia/1ba55433-bcc8-4838-9b21-382f497e12e0/xal7070.pdf,INDUCTOR SMD 12 µH ±20% AEC-Q200,Coilcraft,XAL7070-123ME,±20%,XAL7070,https://www.trustedparts.com/en/search/XAL7070-123ME
L_XAL7070-153ME,L,15 µH,footprints:XAL7070,https://www.coilcraft.com/getmedia/1ba55433-bcc8-4838-9b21-382f497e12e0/xal7070.pdf,INDUCTOR SMD 15 µH ±20% AEC-Q200,Coilcraft,XAL7070-153ME,±20%,XAL7070,https://www.trustedparts.com/en/search/XAL7070-153ME
L_XAL7070-183ME,L,18 µH,footprints:XAL7070,https://www.coilcraft.com/getmedia/1ba55433-bcc8-4838-9b21-382f497e12e0/xal7070.pdf,INDUCTOR SMD 18 µH ±20% AEC-Q200,Coilcraft,XAL7070-183ME,±20%,XAL7070,https://www.trustedparts.com/en/search/XAL7070-183ME
L_XAL7070-223ME,L,22 µH,footprints:XAL7070,https://www.coilcraft.com/getmedia/1ba55433-bcc8-4838-9b21-382f497e12e0/xal7070.pdf,INDUCTOR SMD 22 µH ±20% AEC-Q200,Coilcraft,XAL7070-223ME,±20%,XAL7070,https://www.trustedparts.com/en/search/XAL7070-223ME
L_XAL7070-333ME,L,33 µH,footprints:XAL7070,https://www.coilcraft.com/getmedia/1ba55433-bcc8-4838-9b21-382f497e12e0/xal7070.pdf,INDUCTOR SMD 33 µH ±20% AEC-Q200,Coilcraft,XAL7070-333ME,±20%,XAL7070,https://www.trustedparts.com/en/search/XAL7070-333ME
L_XAL7070-473ME,L,47 µH,footprints:XAL7070,https://www.coilcraft.com/getmedia/1ba55433-bcc8-4838-9b21-382f497e12e0/xal7070.pdf,INDUCTOR SMD 47 µH ±20% AEC-Q200,Coilcraft,XAL7070-473ME,±20%,XAL7070,https://www.trustedparts.com/en/search/XAL7070-473ME
L_XAL7050-103ME,L,10 µH,footprints:XAL7050,https://www.coilcraft.com/getmedia/13a991b3-4273-4be3-81ba-f3cf372b4691/xal7050.pdf,INDUCTOR SMD 10 µH ±20% AEC-Q200,Coilcraft,XAL7050-103ME,±20%,XAL7050,https://www.trustedparts.com/en/search/XAL7050-103ME
L_XAL7050-153ME,L,15 µH,footprints:XAL7050,https://www.coilcraft.com/getmedia/13a991b3-4273-4be3-81ba-f3cf372b4691/xal7050.pdf,INDUCTOR SMD 15 µH ±20% AEC-Q200,Coilcraft,XAL7050-153ME,±20%,XAL7050,https://www.trustedparts.com/en/search/XAL7050-153ME
L_XAL7050-183ME,L,18 µH,footprints:XAL7050,https://www.coilcraft.com/getmedia/13a991b3-4273-4be3-81ba-f3cf372b4691/xal7050.pdf,INDUCTOR SMD 18 µH ±20% AEC-Q200,Coilcraft,XAL7050-183ME,±20%,XAL7050,https://www.trustedparts.com/en/search/XAL7050-183ME
L_XAL7050-223ME,L,22 µH,footprints:XAL7050,https://www.coilcraft.com/getmedia/13a991b3-4273-4be3-81ba-f3cf372b4691/xal7050.pdf,INDUCTOR SMD 22 µH ±20% AEC-Q200,Coilcraft,XAL7050-223ME,±20%,XAL7050,https://www.trustedparts.com/en/search/XAL7050-223ME
L_XAL7050-333ME,L,33 µH,footprints:XAL7050,https://www.coilcraft.com/getmedia/13a991b3-4273-4be3-81ba-f3cf372b4691/xal7050.pdf,INDUCTOR SMD 33 µH ±20% AEC-Q200,Coilcraft,XAL7050-333ME,±20%,XAL7050,https://www.trustedparts.com/en/search/XAL7050-333ME
L_XAL7050-473ME,L,47 µH,footprints:XAL7050,https://www.coilcraft.com/getmedia/13a991b3-4273-4be3-81ba-f3cf372b4691/xal7050.pdf,INDUCTOR SMD 47 µH ±20% AEC-Q200,Coilcraft,XAL7050-473ME,±20%,XAL7050,https://www.trustedparts.com/en/search/XAL7050-473ME
L_XAL7030-161ME,L,160 nH,footprints:XAL7030,https://www.coilcraft.com/getmedia/0d05a05e-d55d-4a0c-911d-46bd73686633/xal7030.pdf,INDUCTOR SMD 160 nH ±20% AEC-Q200,Coilcraft,XAL7030-161ME,±20%,XAL7030,https://www.trustedparts.com/en/search/XAL7030-161ME
L_XAL7030-301ME,L,300 nH,footprints:XAL7030,https://www.coilcraft.com/getmedia/0d05a05e-d55d-4a0c-911d-46bd73686633/xal7030.pdf,INDUCTOR SMD 300 nH ±20% AEC-Q200,Coilcraft,XAL7030-301ME,±20%,XAL7030,https://www.trustedparts.com/en/search/XAL7030-301ME
L_XAL7030-601ME,L,600 nH,footprints:XAL7030,https://www.coilcraft.com/getmedia/0d05a05e-d55d-4a0c-911d-46bd73686633/xal7030.pdf,INDUCTOR SMD 600 nH ±20% AEC-Q200,Coilcraft,XAL7030-601ME,±20%,XAL7030,https://www.trustedparts.com/en/search/XAL7030-601ME
L_XAL7030-102ME,L,1 µH,footprints:XAL7030,https://www.coilcraft.com/getmedia/0d05a05e-d55d-4a0c-911d-46bd73686633/xal7030.pdf,INDUCTOR SMD 1 µH ±20% AEC-Q200,Coilcraft,XAL7030-102ME,±20%,XAL7030,https://www.trustedparts.com/en/search/XAL7030-102ME
L_XAL7030-152ME,L,1.5 µH,footprints:XAL7030,https://www.coilcraft.com/getmedia/0d05a05e-d55d-4a0c-911d-46bd73686633/xal7030.pdf,INDUCTOR SMD 1.5 µH ±20% AEC-Q200,Coilcraft,XAL7030-152ME,±20%,XAL7030,https://www.trustedparts.com/en/search/XAL7030-152ME
L_XAL7030-222ME,L,2.2 µH,footprints:XAL7030,https://www.coilcraft.com/getmedia/0d05a05e-d55d-4a0c-911d-46bd73686633/xal7030.pdf,INDUCTOR SMD 2.2 µH ±20% AEC-Q200,Coilcraft,XAL7030-222ME,±20%,XAL7030,https://www.trustedparts.com/en/search/XAL7030-222ME
L_XAL7030-272ME,L,2.7 µH,footprints:XAL7030,https://www.coilcraft.com/getmedia/0d05a05e-d55d-4a0c-911d-46bd73686633/xal7030.pdf,INDUCTOR SMD 2.7 µH ±20% AEC-Q200,Coilcraft,XAL7030-272ME,±20%,XAL7030,https://www.trustedparts.com/en/search/XAL7030-272ME
L_XAL7030-332ME,L,3.3 µH,footprints:XAL7030,https://www.coilcraft.com/getmedia/0d05a05e-d55d-4a0c-911d-46bd73686633/xal7030.pdf,INDUCTOR SMD 3.3 µH ±20% AEC-Q200,Coilcraft,XAL7030-332ME,±20%,XAL7030,https://www.trustedparts.com/en/search/XAL7030-332ME
L_XAL7030-472ME,L,4.7 µH,footprints:XAL7030,https://www.coilcraft.com/getmedia/0d05a05e-d55d-4a0c-911d-46bd73686633/xal7030.pdf,INDUCTOR SMD 4.7 µH ±20% AEC-Q200,Coilcraft,XAL7030-472ME,±20%,XAL7030,https://www.trustedparts.com/en/search/XAL7030-472ME
L_XAL7030-562ME,L,5.6 µH,footprints:XAL7030,https://www.coilcraft.com/getmedia/0d05a05e-d55d-4a0c-911d-46bd73686633/xal7030.pdf,INDUCTOR SMD 5.6 µH ±20% AEC-Q200,Coilcraft,XAL7030-562ME,±20%,XAL7030,https://www.trustedparts.com/en/search/XAL7030-562ME
L_XAL7030-682ME,L,6.8 µH,footprints:XAL7030,https://www.coilcraft.com/getmedia/0d05a05e-d55d-4a0c-911d-46bd73686633/xal7030.pdf,INDUCTOR SMD 6.8 µH ±20% AEC-Q200,Coilcraft,XAL7030-682ME,±20%,XAL7030,https://www.trustedparts.com/en/search/XAL7030-682ME
L_XAL7030-822ME,L,8.2 µH,footprints:XAL7030,https://www.coilcraft.com/getmedia/0d05a05e-d55d-4a0c-911d-46bd73686633/xal7030.pdf,INDUCTOR SMD 8.2 µH ±20% AEC-Q200,Coilcraft,XAL7030-822ME,±20%,XAL7030,https://www.trustedparts.com/en/search/XAL7030-822ME
L_XAL7030-103ME,L,10 µH,footprints:XAL7030,https://www.coilcraft.com/getmedia/0d05a05e-d55d-4a0c-911d-46bd73686633/xal7030.pdf,INDUCTOR SMD 10 µH ±20% AEC-Q200,Coilcraft,XAL7030-103ME,±20%,XAL7030,https://www.trustedparts.com/en/search/XAL7030-103ME
L_XAL7020-151ME,L,150 nH,footprints:XAL7020,https://www.coilcraft.com/getmedia/0197e98c-67f7-4375-9e38-14d7376a46f3/xal7020.pdf,INDUCTOR SMD 150 nH ±20% AEC-Q200,Coilcraft,XAL7020-151ME,±20%,XAL7020,https://www.trustedparts.com/en/search/XAL7020-151ME
L_XAL7020-271ME,L,270 nH,footprints:XAL7020,https://www.coilcraft.com/getmedia/0197e98c-67f7-4375-9e38-14d7376a46f3/xal7020.pdf,INDUCTOR SMD 270 nH ±20% AEC-Q200,Coilcraft,XAL7020-271ME,±20%,XAL7020,https://www.trustedparts.com/en/search/XAL7020-271ME
L_XAL7020-331ME,L,330 nH,footprints:XAL7020,https://www.coilcraft.com/getmedia/0197e98c-67f7-4375-9e38-14d7376a46f3/xal7020.pdf,INDUCTOR SMD 330 nH ±20% AEC-Q200,Coilcraft,XAL7020-331ME,±20%,XAL7020,https://www.trustedparts.com/en/search/XAL7020-331ME
L_XAL7020-471ME,L,470 nH,footprints:XAL7020,https://www.coilcraft.com/getmedia/0197e98c-67f7-4375-9e38-14d7376a46f3/xal7020.pdf,INDUCTOR SMD 470 nH ±20% AEC-Q200,Coilcraft,XAL7020-471ME,±20%,XAL7020,https://www.trustedparts.com/en/search/XAL7020-471ME
L_XAL7020-681ME,L,680 nH,footprints:XAL7020,https://www.coilcraft.com/getmedia/0197e98c-67f7-4375-9e38-14d7376a46f3/xal7020.pdf,INDUCTOR SMD 680 nH ±20% AEC-Q200,Coilcraft,XAL7020-681ME,±20%,XAL7020,https://www.trustedparts.com/en/search/XAL7020-681ME
L_XAL7020-102ME,L,1 µH,footprints:XAL7020,https://www.coilcraft.com/getmedia/0197e98c-67f7-4375-9e38-14d7376a46f3/xal7020.pdf,INDUCTOR SMD 1 µH ±20% AEC-Q200,Coilcraft,XAL7020-102ME,±20%,XAL7020,https://www.trustedparts.com/en/search/XAL7020-102ME
L_XAL7020-122ME,L,1.2 µH,footprints:XAL7020,https://www.coilcraft.com/getmedia/0197e98c-67f7-4375-9e38-14d7376a46f3/xal7020.pdf,INDUCTOR SMD 1.2 µH ±20% AEC-Q200,Coilcraft,XAL7020-122ME,±20%,XAL7020,https://www.trustedparts.com/en/search/XAL7020-122ME
L_XAL7020-152ME,L,1.5 µH,footprints:XAL7020,https://www.coilcraft.com/getmedia/0197e98c-67f7-4375-9e38-14d7376a46f3/xal7020.pdf,INDUCTOR SMD 1.5 µH ±20% AEC-Q200,Coilcraft,XAL7020-152ME,±20%,XAL7020,https://www.trustedparts.com/en/search/XAL7020-152ME
L_XAL7020-222ME,L,2.2 µH,footprints:XAL7020,https://www.coilcraft.com/getmedia/0197e98c-67f7-4375-9e38-14d7376a46f3/xal7020.pdf,INDUCTOR SMD 2.2 µH ±20% AEC-Q200,Coilcraft,XAL7020-222ME,±20%,XAL7020,https://www.trustedparts.com/en/search/XAL7020-222ME
L_XAL6060-472ME,L,4.7 µH,footprints:XAL6060,https://www.coilcraft.com/getmedia/ea51f14b-7f32-4dc6-8dfe-d4b70549040f/xal60xx.pdf,INDUCTOR SMD 4.7 µH ±20% AEC-Q200,Coilcraft,XAL6060-472ME,±20%,XAL6060,https://www.trustedparts.com/en/search/XAL6060-472ME
L_XAL6060-562ME,L,5.6 µH,footprints:XAL6060,https://www.coilcraft.com/getmedia/ea51f14b-7f32-4dc6-8dfe-d4b70549040f/xal60xx.pdf,INDUCTOR SMD 5.6 µH ±20% AEC-Q200,Coilcraft,XAL6060-562ME,±20%,XAL6060,https://www.trustedparts.com/en/search/XAL6060-562ME
L_XAL6060-682ME,L,6.8 µH,footprints:XAL6060,https://www.coilcraft.com/getmedia/ea51f14b-7f32-4dc6-8dfe-d4b70549040f/xal60xx.pdf,INDUCTOR SMD 6.8 µH ±20% AEC-Q200,Coilcraft,XAL6060-682ME,±20%,XAL6060,https://www.trustedparts.com/en/search/XAL6060-682ME
L_XAL6060-822ME,L,8.2 µH,footprints:XAL6060,https://www.coilcraft.com/getmedia/ea51f14b-7f32-4dc6-8dfe-d4b70549040f/xal60xx.pdf,INDUCTOR SMD 8.2 µH ±20% AEC-Q200,Coilcraft,XAL6060-822ME,±20%,XAL6060,https://www.trustedparts.com/en/search/XAL6060-822ME
L_XAL6060-103ME,L,10 µH,footprints:XAL6060,https://www.coilcraft.com/getmedia/ea51f14b-7f32-4dc6-8dfe-d4b70549040f/xal60xx.pdf,INDUCTOR SMD 10 µH ±20% AEC-Q200,Coilcraft,XAL6060-103ME,±20%,XAL6060,https://www.trustedparts.com/en/search/XAL6060-103ME
L_XAL6060-153ME,L,15 µH,footprints:XAL6060,https://www.coilcraft.com/getmedia/ea51f14b-7f32-4dc6-8dfe-d4b70549040f/xal60xx.pdf,INDUCTOR SMD 15 µH ±20% AEC-Q200,Coilcraft,XAL6060-153ME,±20%,XAL6060,https://www.trustedparts.com/en/search/XAL6060-153ME
L_XAL6060-223ME,L,22 µH,footprints:XAL6060,https://www.coilcraft.com/getmedia/ea51f14b-7f32-4dc6-8dfe-d4b70549040f/xal60xx.pdf,INDUCTOR SMD 22 µH ±20% AEC-Q200,Coilcraft,XAL6060-223ME,±20%,XAL6060,https://www.trustedparts.com/en/search/XAL6060-223ME
L_XAL6060-333ME,L,33 µH,footprints:XAL6060,https://www.coilcraft.com/getmedia/ea51f14b-7f32-4dc6-8dfe-d4b70549040f/xal60xx.pdf,INDUCTOR SMD 33 µH ±20% AEC-Q200,Coilcraft,XAL6060-333ME,±20%,XAL6060,https://www.trustedparts.com/en/search/XAL6060-333ME
L_XAL6030-181ME,L,180 nH,footprints:XAL6030,https://www.coilcraft.com/getmedia/ea51f14b-7f32-4dc6-8dfe-d4b70549040f/xal60xx.pdf,INDUCTOR SMD 180 nH ±20% AEC-Q200,Coilcraft,XAL6030-181ME,±20%,XAL6030,https://www.trustedparts.com/en/search/XAL6030-181ME
L_XAL6030-331ME,L,330 nH,footprints:XAL6030,https://www.coilcraft.com/getmedia/ea51f14b-7f32-4dc6-8dfe-d4b70549040f/xal60xx.pdf,INDUCTOR SMD 330 nH ±20% AEC-Q200,Coilcraft,XAL6030-331ME,±20%,XAL6030,https://www.trustedparts.com/en/search/XAL6030-331ME
L_XAL6030-561ME,L,560 nH,footprints:XAL6030,https://www.coilcraft.com/getmedia/ea51f14b-7f32-4dc6-8dfe-d4b70549040f/xal60xx.pdf,INDUCTOR SMD 560 nH ±20% AEC-Q200,Coilcraft,XAL6030-561ME,±20%,XAL6030,https://www.trustedparts.com/en/search/XAL6030-561ME
L_XAL6030-102ME,L,1 µH,footprints:XAL6030,https://www.coilcraft.com/getmedia/ea51f14b-7f32-4dc6-8dfe-d4b70549040f/xal60xx.pdf,INDUCTOR SMD 1 µH ±20% AEC-Q200,Coilcraft,XAL6030-102ME,±20%,XAL6030,https://www.trustedparts.com/en/search/XAL6030-102ME
L_XAL6030-122ME,L,1.2 µH,footprints:XAL6030,https://www.coilcraft.com/getmedia/ea51f14b-7f32-4dc6-8dfe-d4b70549040f/xal60xx.pdf,INDUCTOR SMD 1.2 µH ±20% AEC-Q200,Coilcraft,XAL6030-122ME,±20%,XAL6030,https://www.trustedparts.com/en/search/XAL6030-122ME
L_XAL6030-182ME,L,1.8 µH,footprints:XAL6030,https://www.coilcraft.com/getmedia/ea51f14b-7f32-4dc6-8dfe-d4b70549040f/xal60xx.pdf,INDUCTOR SMD 1.8 µH ±20% AEC-Q200,Coilcraft,XAL6030-182ME,±20%,XAL6030,https://www.trustedparts.com/en/search/XAL6030-182ME
L_XAL6030-222ME,L,2.2 µH,footprints:XAL6030,https://www.coilcraft.com/getmedia/ea51f14b-7f32-4dc6-8dfe-d4b70549040f/xal60xx.pdf,INDUCTOR SMD 2.2 µH ±20% AEC-Q200,Coilcraft,XAL6030-222ME,±20%,XAL6030,https://www.trustedparts.com/en/search/XAL6030-222ME
L_XAL6030-332ME,L,3.3 µH,footprints:XAL6030,https://www.coilcraft.com/getmedia/ea51f14b-7f32-4dc6-8dfe-d4b70549040f/xal60xx.pdf,INDUCTOR SMD 3.3 µH ±20% AEC-Q200,Coilcraft,XAL6030-332ME,±20%,XAL6030,https://www.trustedparts.com/en/search/XAL6030-332ME
L_XAL6020-121ME,L,120 nH,footprints:XAL6020,https://www.coilcraft.com/getmedia/467ff589-8942-4e57-92d0-5bef6e04ce09/xal6020.pdf,INDUCTOR SMD 120 nH ±20% AEC-Q200,Coilcraft,XAL6020-121ME,±20%,XAL6020,https://www.trustedparts.com/en/search/XAL6020-121ME
L_XAL6020-161ME,L,160 nH,footprints:XAL6020,https://www.coilcraft.com/getmedia/467ff589-8942-4e57-92d0-5bef6e04ce09/xal6020.pdf,INDUCTOR SMD 160 nH ±20% AEC-Q200,Coilcraft,XAL6020-161ME,±20%,XAL6020,https://www.trustedparts.com/en/search/XAL6020-161ME
L_XAL6020-271ME,L,270 nH,footprints:XAL6020,https://www.coilcraft.com/getmedia/467ff589-8942-4e57-92d0-5bef6e04ce09/xal6020.pdf,INDUCTOR SMD 270 nH ±20% AEC-Q200,Coilcraft,XAL6020-271ME,±20%,XAL6020,https://www.trustedparts.com/en/search/XAL6020-271ME
L_XAL6020-451ME,L,450 nH,footprints:XAL6020,https://www.coilcraft.com/getmedia/467ff589-8942-4e57-92d0-5bef6e04ce09/xal6020.pdf,INDUCTOR SMD 450 nH ±20% AEC-Q200,Coilcraft,XAL6020-451ME,±20%,XAL6020,https://www.trustedparts.com/en/search/XAL6020-451ME
L_XAL6020-601ME,L,600 nH,footprints:XAL6020,https://www.coilcraft.com/getmedia/467ff589-8942-4e57-92d0-5bef6e04ce09/xal6020.pdf,INDUCTOR SMD 600 nH ±20% AEC-Q200,Coilcraft,XAL6020-601ME,±20%,XAL6020,https://www.trustedparts.com/en/search/XAL6020-601ME
L_XAL6020-901ME,L,900 nH,footprints:XAL6020,https://www.coilcraft.com/getmedia/467ff589-8942-4e57-92d0-5bef6e04ce09/xal6020.pdf,INDUCTOR SMD 900 nH ±20% AEC-Q200,Coilcraft,XAL6020-901ME,±20%,XAL6020,https://www.trustedparts.com/en/search/XAL6020-901ME
L_XAL6020-112ME,L,1.1 µH,footprints:XAL6020,https://www.coilcraft.com/getmedia/467ff589-8942-4e57-92d0-5bef6e04ce09/xal6020.pdf,INDUCTOR SMD 1.1 µH ±20% AEC-Q200,Coilcraft,XAL6020-112ME,±20%,XAL6020,https://www.trustedparts.com/en/search/XAL6020-112ME
L_XAL5050-472ME,L,4.7 µH,footprints:XAL5050,https://www.coilcraft.com/getmedia/49bc46c8-4b2c-45b9-9b6c-2eaa235ea698/xal50xx.pdf,INDUCTOR SMD 4.7 µH ±20% AEC-Q200,Coilcraft,XAL5050-472ME,±20%,XAL5050,https://www.trustedparts.com/en/search/XAL5050-472ME
L_XAL5050-562ME,L,5.6 µH,footprints:XAL5050,https://www.coilcraft.com/getmedia/49bc46c8-4b2c-45b9-9b6c-2eaa235ea698/xal50xx.pdf,INDUCTOR SMD 5.6 µH ±20% AEC-Q200,Coilcraft,XAL5050-562ME,±20%,XAL5050,https://www.trustedparts.com/en/search/XAL5050-562ME
L_XAL5050-682ME,L,6.8 µH,footprints:XAL5050,https://www.coilcraft.com/getmedia/49bc46c8-4b2c-45b9-9b6c-2eaa235ea698/xal50xx.pdf,INDUCTOR SMD 6.8 µH ±20% AEC-Q200,Coilcraft,XAL5050-682ME,±20%,XAL5050,https://www.trustedparts.com/en/search/XAL5050-682ME
L_XAL5050-822ME,L,8.2 µH,footprints:XAL5050,https://www.coilcraft.com/getmedia/49bc46c8-4b2c-45b9-9b6c-2eaa235ea698/xal50xx.pdf,INDUCTOR SMD 8.2 µH ±20% AEC-Q200,Coilcraft,XAL5050-822ME,±20%,XAL5050,https://www.trustedparts.com/en/search/XAL5050-822ME
L_XAL5050-103ME,L,10 µH,footprints:XAL5050,https://www.coilcraft.com/getmedia/49bc46c8-4b2c-45b9-9b6c-2eaa235ea698/xal50xx.pdf,INDUCTOR SMD 10 µH ±20% AEC-Q200,Coilcraft,XAL5050-103ME,±20%,XAL5050,https://www.trustedparts.com/en/search/XAL5050-103ME
L_XAL5050-153ME,L,15 µH,footprints:XAL5050,https://www.coilcraft.com/getmedia/49bc46c8-4b2c-45b9-9b6c-2eaa235ea698/xal50xx.pdf,INDUCTOR SMD 15 µH ±20% AEC-Q200,Coilcraft,XAL5050-153ME,±20%,XAL5050,https://www.trustedparts.com/en/search/XAL5050-153ME
L_XAL5050-223ME,L,22 µH,footprints:XAL5050,https://www.coilcraft.com/getmedia/49bc46c8-4b2c-45b9-9b6c-2eaa235ea698/xal50xx.pdf,INDUCTOR SMD 22 µH ±20% AEC-Q200,Coilcraft,XAL5050-223ME,±20%,XAL5050,https://www.trustedparts.com/en/search/XAL5050-223ME
L_XAL5030-161ME,L,160 nH,footprints:XAL5030,https://www.coilcraft.com/getmedia/49bc46c8-4b2c-45b9-9b6c-2eaa235ea698/xal50xx.pdf,INDUCTOR SMD 160 nH ±20% AEC-Q200,Coilcraft,XAL5030-161ME,±20%,XAL5030,https://www.trustedparts.com/en/search/XAL5030-161ME
L_XAL5030-331ME,L,330 nH,footprints:XAL5030,https://www.coilcraft.com/getmedia/49bc46c8-4b2c-45b9-9b6c-2eaa235ea698/xal50xx.pdf,INDUCTOR SMD 330 nH ±20% AEC-Q200,Coilcraft,XAL5030-331ME,±20%,XAL5030,https://www.trustedparts.com/en/search/XAL5030-331ME
L_XAL5030-601ME,L,600 nH,footprints:XAL5030,https://www.coilcraft.com/getmedia/49bc46c8-4b2c-45b9-9b6c-2eaa235ea698/xal50xx.pdf,INDUCTOR SMD 600 nH ±20% AEC-Q200,Coilcraft,XAL5030-601ME,±20%,XAL5030,https://www.trustedparts.com/en/search/XAL5030-601ME
L_XAL5030-801ME,L,800 nH,footprints:XAL5030,https://www.coilcraft.com/getmedia/49bc46c8-4b2c-45b9-9b6c-2eaa235ea698/xal50xx.pdf,INDUCTOR SMD 800 nH ±20% AEC-Q200,Coilcraft,XAL5030-801ME,±20%,XAL5030,https://www.trustedparts.com/en/search/XAL5030-801ME
L_XAL5030-102ME,L,1 µH,footprints:XAL5030,https://www.coilcraft.com/getmedia/49bc46c8-4b2c-45b9-9b6c-2eaa235ea698/xal50xx.pdf,INDUCTOR SMD 1 µH ±20% AEC-Q200,Coilcraft,XAL5030-102ME,±20%,XAL5030,https://www.trustedparts.com/en/search/XAL5030-102ME
L_XAL5030-122ME,L,1.2 µH,footprints:XAL5030,https://www.coilcraft.com/getmedia/49bc46c8-4b2c-45b9-9b6c-2eaa235ea698/xal50xx.pdf,INDUCTOR SMD 1.2 µH ±20% AEC-Q200,Coilcraft,XAL5030-122ME,±20%,XAL5030,https://www.trustedparts.com/en/search/XAL5030-122ME
L_XAL5030-222ME,L,2.2 µH,footprints:XAL5030,https://www.coilcraft.com/getmedia/49bc46c8-4b2c-45b9-9b6c-2eaa235ea698/xal50xx.pdf,INDUCTOR SMD 2.2 µH ±20% AEC-Q200,Coilcraft,XAL5030-222ME,±20%,XAL5030,https://www.trustedparts.com/en/search/XAL5030-222ME
L_XAL5030-332ME,L,3.3 µH,footprints:XAL5030,https://www.coilcraft.com/getmedia/49bc46c8-4b2c-45b9-9b6c-2eaa235ea698/xal50xx.pdf,INDUCTOR SMD 3.3 µH ±20% AEC-Q200,Coilcraft,XAL5030-332ME,±20%,XAL5030,https://www.trustedparts.com/en/search/XAL5030-332ME
L_XAL5030-472ME,L,4.7 µH,footprints:XAL5030,https://www.coilcraft.com/getmedia/49bc46c8-4b2c-45b9-9b6c-2eaa235ea698/xal50xx.pdf,INDUCTOR SMD 4.7 µH ±20% AEC-Q200,Coilcraft,XAL5030-472ME,±20%,XAL5030,https://www.trustedparts.com/en/search/XAL5030-472ME
L_XAL5020-161ME,L,160 nH,footprints:XAL5020,https://www.coilcraft.com/getmedia/1941eff1-c018-493c-8cd6-d88d2edf5029/xal5020.pdf,INDUCTOR SMD 160 nH ±20% AEC-Q200,Coilcraft,XAL5020-161ME,±20%,XAL5020,https://www.trustedparts.com/en/search/XAL5020-161ME
L_XAL5020-331ME,L,330 nH,footprints:XAL5020,https://www.coilcraft.com/getmedia/1941eff1-c018-493c-8cd6-d88d2edf5029/xal5020.pdf,INDUCTOR SMD 330 nH ±20% AEC-Q200,Coilcraft,XAL5020-331ME,±20%,XAL5020,https://www.trustedparts.com/en/search/XAL5020-331ME
L_XAL5020-561ME,L,560 nH,footprints:XAL5020,https://www.coilcraft.com/getmedia/1941eff1-c018-493c-8cd6-d88d2edf5029/xal5020.pdf,INDUCTOR SMD 560 nH ±20% AEC-Q200,Coilcraft,XAL5020-561ME,±20%,XAL5020,https://www.trustedparts.com/en/search/XAL5020-561ME
L_XAL5020-801ME,L,800 nH,footprints:XAL5020,https://www.coilcraft.com/getmedia/1941eff1-c018-493c-8cd6-d88d2edf5029/xal5020.pdf,INDUCTOR SMD 800 nH ±20% AEC-Q200,Coilcraft,XAL5020-801ME,±20%,XAL5020,https://www.trustedparts.com/en/search/XAL5020-801ME
L_XAL5020-122ME,L,1.2 µH,footprints:XAL5020,https://www.coilcraft.com/getmedia/1941eff1-c018-493c-8cd6-d88d2edf5029/xal5020.pdf,INDUCTOR SMD 1.2 µH ±20% AEC-Q200,Coilcraft,XAL5020-122ME,±20%,XAL5020,https://www.trustedparts.com/en/search/XAL5020-122ME
L_XAL4040-822ME,L,8.2 µH,footprints:XAL4040,https://www.coilcraft.com/getmedia/6adcb47d-8b55-416c-976e-1e22e0d2848c/xal4000.pdf,INDUCTOR SMD 8.2 µH ±20% AEC-Q200,Coilcraft,XAL4040-822ME,±20%,XAL4040,https://www.trustedparts.com/en/search/XAL4040-822ME
L_XAL4040-103ME,L,10 µH,footprints:XAL4040,https://www.coilcraft.com/getmedia/6adcb47d-8b55-416c-976e-1e22e0d2848c/xal4000.pdf,INDUCTOR SMD 10 µH ±20% AEC-Q200,Coilcraft,XAL4040-103ME,±20%,XAL4040,https://www.trustedparts.com/en/search/XAL4040-103ME
L_XAL4040-153ME,L,15 µH,footprints:XAL4040,https://www.coilcraft.com/getmedia/6adcb47d-8b55-416c-976e-1e22e0d2848c/xal4000.pdf,INDUCTOR SMD 15 µH ±20% AEC-Q200,Coilcraft,XAL4040-153ME,±20%,XAL4040,https://www.trustedparts.com/en/search/XAL4040-153ME
L_XAL4030-332ME,L,3.3 µH,footprints:XAL4030,https://www.coilcraft.com/getmedia/6adcb47d-8b55-416c-976e-1e22e0d2848c/xal4000.pdf,INDUCTOR SMD 3.3 µH ±20% AEC-Q200,Coilcraft,XAL4030-332ME,±20%,XAL4030,https://www.trustedparts.com/en/search/XAL4030-332ME
L_XAL4030-472ME,L,4.7 µH,footprints:XAL4030,https://www.coilcraft.com/getmedia/6adcb47d-8b55-416c-976e-1e22e0d2848c/xal4000.pdf,INDUCTOR SMD 4.7 µH ±20% AEC-Q200,Coilcraft,XAL4030-472ME,±20%,XAL4030,https://www.trustedparts.com/en/search/XAL4030-472ME
L_XAL4030-682ME,L,6.8 µH,footprints:XAL4030,https://www.coilcraft.com/getmedia/6adcb47d-8b55-416c-976e-1e22e0d2848c/xal4000.pdf,INDUCTOR SMD 6.8 µH ±20% AEC-Q200,Coilcraft,XAL4030-682ME,±20%,XAL4030,https://www.trustedparts.com/en/search/XAL4030-682ME
L_XAL4020-221ME,L,220 nH,footprints:XAL4020,https://www.coilcraft.com/getmedia/6adcb47d-8b55-416c-976e-1e22e0d2848c/xal4000.pdf,INDUCTOR SMD 220 nH ±20% AEC-Q200,Coilcraft,XAL4020-221ME,±20%,XAL4020,https://www.trustedparts.com/en/search/XAL4020-221ME
L_XAL4020-401ME,L,400 nH,footprints:XAL4020,https://www.coilcraft.com/getmedia/6adcb47d-8b55-416c-976e-1e22e0d2848c/xal4000.pdf,INDUCTOR SMD 400 nH ±20% AEC-Q200,Coilcraft,XAL4020-401ME,±20%,XAL4020,https://www.trustedparts.com/en/search/XAL4020-401ME
L_XAL4020-601ME,L,600 nH,footprints:XAL4020,https://www.coilcraft.com/getmedia/6adcb47d-8b55-416c-976e-1e22e0d2848c/xal4000.pdf,INDUCTOR SMD 600 nH ±20% AEC-Q200,Coilcraft,XAL4020-601ME,±20%,XAL4020,https://www.trustedparts.com/en/search/XAL4020-601ME
L_XAL4020-102ME,L,1 µH,footprints:XAL4020,https://www.coilcraft.com/getmedia/6adcb47d-8b55-416c-976e-1e22e0d2848c/xal4000.pdf,INDUCTOR SMD 1 µH ±20% AEC-Q200,Coilcraft,XAL4020-102ME,±20%,XAL4020,https://www.trustedparts.com/en/search/XAL4020-102ME
L_XAL4020-122ME,L,1.2 µH,footprints:XAL4020,https://www.coilcraft.com/getmedia/6adcb47d-8b55-416c-976e-1e22e0d2848c/xal4000.pdf,INDUCTOR SMD 1.2 µH ±20% AEC-Q200,Coilcraft,XAL4020-122ME,±20%,XAL4020,https://www.trustedparts.com/en/search/XAL4020-122ME
L_XAL4020-152ME,L,1.5 µH,footprints:XAL4020,https://www.coilcraft.com/getmedia/6adcb47d-8b55-416c-976e-1e22e0d2848c/xal4000.pdf,INDUCTOR SMD 1.5 µH ±20% AEC-Q200,Coilcraft,XAL4020-152ME,±20%,XAL4020,https://www.trustedparts.com/en/search/XAL4020-152ME
L_XAL4020-222ME,L,2.2 µH,footprints:XAL4020,https://www.coilcraft.com/getmedia/6adcb47d-8b55-416c-976e-1e22e0d2848c/xal4000.pdf,INDUCTOR SMD 2.2 µH ±20% AEC-Q200,Coilcraft,XAL4020-222ME,±20%,XAL4020,https://www.trustedparts.com/en/search/XAL4020-222ME
L_XFL2005-151ME,L,150 nH,footprints:XFL2005,https://www.coilcraft.com/getmedia/73b70df2-8cfe-46c3-92db-66951708f060/xfl2005.pdf,INDUCTOR SMD 150 nH ±20% AEC-Q200,Coilcraft,XFL2005-151ME,±20%,XFL2005,https://www.trustedparts.com/en/search/XFL2005-151ME
L_XFL2005-221ME,L,220 nH,footprints:XFL2005,https://www.coilcraft.com/getmedia/73b70df2-8cfe-46c3-92db-66951708f060/xfl2005.pdf,INDUCTOR SMD 220 nH ±20% AEC-Q200,Coilcraft,XFL2005-221ME,±20%,XFL2005,https://www.trustedparts.com/en/search/XFL2005-221ME
L_XFL2005-331ME,L,330 nH,footprints:XFL2005,https://www.coilcraft.com/getmedia/73b70df2-8cfe-46c3-92db-66951708f060/xfl2005.pdf,INDUCTOR SMD 330 nH ±20% AEC-Q200,Coilcraft,XFL2005-331ME,±20%,XFL2005,https://www.trustedparts.com/en/search/XFL2005-331ME
L_XFL2005-471ME,L,470 nH,footprints:XFL2005,https://www.coilcraft.com/getmedia/73b70df2-8cfe-46c3-92db-66951708f060/xfl2005.pdf,INDUCTOR SMD 470 nH ±20% AEC-Q200,Coilcraft,XFL2005-471ME,±20%,XFL2005,https://www.trustedparts.com/en/search/XFL2005-471ME
L_XFL2005-681ME,L,680 nH,footprints:XFL2005,https://www.coilcraft.com/getmedia/73b70df2-8cfe-46c3-92db-66951708f060/xfl2005.pdf,INDUCTOR SMD 680 nH ±20% AEC-Q200,Coilcraft,XFL2005-681ME,±20%,XFL2005,https://www.trustedparts.com/en/search/XFL2005-681ME
L_XFL2005-102ME,L,1 µH,footprints:XFL2005,https://www.coilcraft.com/getmedia/73b70df2-8cfe-46c3-92db-66951708f060/xfl2005.pdf,INDUCTOR SMD 1 µH ±20% AEC-Q200,Coilcraft,XFL2005-102ME,±20%,XFL2005,https://www.trustedparts.com/en/search/XFL2005-102ME
L_XFL2005-152ME,L,1.5 µH,footprints:XFL2005,https://www.coilcraft.com/getmedia/73b70df2-8cfe-46c3-92db-66951708f060/xfl2005.pdf,INDUCTOR SMD 1.5 µH ±20% AEC-Q200,Coilcraft,XFL2005-152ME,±20%,XFL2005,https://www.trustedparts.com/en/search/XFL2005-152ME
L_XFL2005-222ME,L,2.2 µH,footprints:XFL2005,https://www.coilcraft.com/getmedia/73b70df2-8cfe-46c3-92db-66951708f060/xfl2005.pdf,INDUCTOR SMD 2.2 µH ±20% AEC-Q200,Coilcraft,XFL2005-222ME,±20%,XFL2005,https://www.trustedparts.com/en/search/XFL2005-222ME
L_XFL2005-332ME,L,3.3 µH,footprints:XFL2005,https://www.coilcraft.com/getmedia/73b70df2-8cfe-46c3-92db-66951708f060/xfl2005.pdf,INDUCTOR SMD 3.3 µH ±20% AEC-Q200,Coilcraft,XFL2005-332ME,±20%,XFL2005,https://www.trustedparts.com/en/search/XFL2005-332ME
L_XFL2005-472ME,L,4.7 µH,footprints:XFL2005,https://www.coilcraft.com/getmedia/73b70df2-8cfe-46c3-92db-66951708f060/xfl2005.pdf,INDUCTOR SMD 4.7 µH ±20% AEC-Q200,Coilcraft,XFL2005-472ME,±20%,XFL2005,https://www.trustedparts.com/en/search/XFL2005-472ME
L_XFL2005-562ME,L,5.6 µH,footprints:XFL2005,https://www.coilcraft.com/getmedia/73b70df2-8cfe-46c3-92db-66951708f060/xfl2005.pdf,INDUCTOR SMD 5.6 µH ±20% AEC-Q200,Coilcraft,XFL2005-562ME,±20%,XFL2005,https://www.trustedparts.com/en/search/XFL2005-562ME
L_XFL2005-682ME,L,6.8 µH,footprints:XFL2005,https://www.coilcraft.com/getmedia/73b70df2-8cfe-46c3-92db-66951708f060/xfl2005.pdf,INDUCTOR SMD 6.8 µH ±20% AEC-Q200,Coilcraft,XFL2005-682ME,±20%,XFL2005,https://www.trustedparts.com/en/search/XFL2005-682ME
L_XFL2005-822ME,L,8.2 µH,footprints:XFL2005,https://www.coilcraft.com/getmedia/73b70df2-8cfe-46c3-92db-66951708f060/xfl2005.pdf,INDUCTOR SMD 8.2 µH ±20% AEC-Q200,Coilcraft,XFL2005-822ME,±20%,XFL2005,https://www.trustedparts.com/en/search/XFL2005-822ME
L_XFL2005-103ME,L,10 µH,footprints:XFL2005,https://www.coilcraft.com/getmedia/73b70df2-8cfe-46c3-92db-66951708f060/xfl2005.pdf,INDUCTOR SMD 10 µH ±20% AEC-Q200,Coilcraft,XFL2005-103ME,±20%,XFL2005,https://www.trustedparts.com/en/search/XFL2005-103ME
L_XFL2006-102ME,L,1 µH,footprints:XFL2006,https://www.coilcraft.com/getmedia/65419ba7-9eac-409b-830a-74bf182a8aca/xfl2006.pdf,INDUCTOR SMD 1 µH ±20% AEC-Q200,Coilcraft,XFL2006-102ME,±20%,XFL2006,https://www.trustedparts.com/en/search/XFL2006-102ME
L_XFL2006-222ME,L,2.2 µH,footprints:XFL2006,https://www.coilcraft.com/getmedia/65419ba7-9eac-409b-830a-74bf182a8aca/xfl2006.pdf,INDUCTOR SMD 2.2 µH ±20% AEC-Q200,Coilcraft,XFL2006-222ME,±20%,XFL2006,https://www.trustedparts.com/en/search/XFL2006-222ME
L_XFL2006-332ME,L,3.3 µH,footprints:XFL2006,https://www.coilcraft.com/getmedia/65419ba7-9eac-409b-830a-74bf182a8aca/xfl2006.pdf,INDUCTOR SMD 3.3 µH ±20% AEC-Q200,Coilcraft,XFL2006-332ME,±20%,XFL2006,https://www.trustedparts.com/en/search/XFL2006-332ME
L_XFL2006-472ME,L,4.7 µH,footprints:XFL2006,https://www.coilcraft.com/getmedia/65419ba7-9eac-409b-830a-74bf182a8aca/xfl2006.pdf,INDUCTOR SMD 4.7 µH ±20% AEC-Q200,Coilcraft,XFL2006-472ME,±20%,XFL2006,https://www.trustedparts.com/en/search/XFL2006-472ME
L_XFL2006-562ME,L,5.6 µH,footprints:XFL2006,https://www.coilcraft.com/getmedia/65419ba7-9eac-409b-830a-74bf182a8aca/xfl2006.pdf,INDUCTOR SMD 5.6 µH ±20% AEC-Q200,Coilcraft,XFL2006-562ME,±20%,XFL2006,https://www.trustedparts.com/en/search/XFL2006-562ME
L_XFL2006-682ME,L,6.8 µH,footprints:XFL2006,https://www.coilcraft.com/getmedia/65419ba7-9eac-409b-830a-74bf182a8aca/xfl2006.pdf,INDUCTOR SMD 6.8 µH ±20% AEC-Q200,Coilcraft,XFL2006-682ME,±20%,XFL2006,https://www.trustedparts.com/en/search/XFL2006-682ME
L_XFL2006-822ME,L,8.2 µH,footprints:XFL2006,https://www.coilcraft.com/getmedia/65419ba7-9eac-409b-830a-74bf182a8aca/xfl2006.pdf,INDUCTOR SMD 8.2 µH ±20% AEC-Q200,Coilcraft,XFL2006-822ME,±20%,XFL2006,https://www.trustedparts.com/en/search/XFL2006-822ME
L_XFL2006-103ME,L,10 µH,footprints:XFL2006,https://www.coilcraft.com/getmedia/65419ba7-9eac-409b-830a-74bf182a8aca/xfl2006.pdf,INDUCTOR SMD 10 µH ±20% AEC-Q200,Coilcraft,XFL2006-103ME,±20%,XFL2006,https://www.trustedparts.com/en/search/XFL2006-103ME
L_XFL2006-153ME,L,15 µH,footprints:XFL2006,https://www.coilcraft.com/getmedia/65419ba7-9eac-409b-830a-74bf182a8aca/xfl2006.pdf,INDUCTOR SMD 15 µH ±20% AEC-Q200,Coilcraft,XFL2006-153ME,±20%,XFL2006,https://www.trustedparts.com/en/search/XFL2006-153ME
L_XFL2006-223ME,L,22 µH,footprints:XFL2006,https://www.coilcraft.com/getmedia/65419ba7-9eac-409b-830a-74bf182a8aca/xfl2006.pdf,INDUCTOR SMD 22 µH ±20% AEC-Q200,Coilcraft,XFL2006-223ME,±20%,XFL2006,https://www.trustedparts.com/en/search/XFL2006-223ME
L_XFL2006-333ME,L,33 µH,footprints:XFL2006,https://www.coilcraft.com/getmedia/65419ba7-9eac-409b-830a-74bf182a8aca/xfl2006.pdf,INDUCTOR SMD 33 µH ±20% AEC-Q200,Coilcraft,XFL2006-333ME,±20%,XFL2006,https://www.trustedparts.com/en/search/XFL2006-333ME
L_XFL2006-473ME,L,47 µH,footprints:XFL2006,https://www.coilcraft.com/getmedia/65419ba7-9eac-409b-830a-74bf182a8aca/xfl2006.pdf,INDUCTOR SMD 47 µH ±20% AEC-Q200,Coilcraft,XFL2006-473ME,±20%,XFL2006,https://www.trustedparts.com/en/search/XFL2006-473ME
L_XFL2006-563ME,L,56 µH,footprints:XFL2006,https://www.coilcraft.com/getmedia/65419ba7-9eac-409b-830a-74bf182a8aca/xfl2006.pdf,INDUCTOR SMD 56 µH ±20% AEC-Q200,Coilcraft,XFL2006-563ME,±20%,XFL2006,https://www.trustedparts.com/en/search/XFL2006-563ME
L_XFL2006-683ME,L,68 µH,footprints:XFL2006,https://www.coilcraft.com/getmedia/65419ba7-9eac-409b-830a-74bf182a8aca/xfl2006.pdf,INDUCTOR SMD 68 µH ±20% AEC-Q200,Coilcraft,XFL2006-683ME,±20%,XFL2006,https://www.trustedparts.com/en/search/XFL2006-683ME
L_XFL2006-823ME,L,82 µH,footprints:XFL2006,https://www.coilcraft.com/getmedia/65419ba7-9eac-409b-830a-74bf182a8aca/xfl2006.pdf,INDUCTOR SMD 82 µH ±20% AEC-Q200,Coilcraft,XFL2006-823ME,±20%,XFL2006,https://www.trustedparts.com/en/search/XFL2006-823ME
L_XFL2006-104ME,L,100 µH,footprints:XFL2006,https://www.coilcraft.com/getmedia/65419ba7-9eac-409b-830a-74bf182a8aca/xfl2006.pdf,INDUCTOR SMD 100 µH ±20% AEC-Q200,Coilcraft,XFL2006-104ME,±20%,XFL2006,https://www.trustedparts.com/en/search/XFL2006-104ME
L_XFL2010-400ME,L,40 nH,footprints:XFL2010,https://www.coilcraft.com/getmedia/50382b97-998f-4b75-b5ee-4a93b0ac4411/xfl2010.pdf,INDUCTOR SMD 40 nH ±20% AEC-Q200,Coilcraft,XFL2010-400ME,±20%,XFL2010,https://www.trustedparts.com/en/search/XFL2010-400ME
L_XFL2010-121ME,L,120 nH,footprints:XFL2010,https://www.coilcraft.com/getmedia/50382b97-998f-4b75-b5ee-4a93b0ac4411/xfl2010.pdf,INDUCTOR SMD 120 nH ±20% AEC-Q200,Coilcraft,XFL2010-121ME,±20%,XFL2010,https://www.trustedparts.com/en/search/XFL2010-121ME
L_XFL2010-221ME,L,220 nH,footprints:XFL2010,https://www.coilcraft.com/getmedia/50382b97-998f-4b75-b5ee-4a93b0ac4411/xfl2010.pdf,INDUCTOR SMD 220 nH ±20% AEC-Q200,Coilcraft,XFL2010-221ME,±20%,XFL2010,https://www.trustedparts.com/en/search/XFL2010-221ME
L_XFL2010-381ME,L,380 nH,footprints:XFL2010,https://www.coilcraft.com/getmedia/50382b97-998f-4b75-b5ee-4a93b0ac4411/xfl2010.pdf,INDUCTOR SMD 380 nH ±20% AEC-Q200,Coilcraft,XFL2010-381ME,±20%,XFL2010,https://www.trustedparts.com/en/search/XFL2010-381ME
L_XFL2010-601ME,L,600 nH,footprints:XFL2010,https://www.coilcraft.com/getmedia/50382b97-998f-4b75-b5ee-4a93b0ac4411/xfl2010.pdf,INDUCTOR SMD 600 nH ±20% AEC-Q200,Coilcraft,XFL2010-601ME,±20%,XFL2010,https://www.trustedparts.com/en/search/XFL2010-601ME
L_XFL2010-821ME,L,820 nH,footprints:XFL2010,https://www.coilcraft.com/getmedia/50382b97-998f-4b75-b5ee-4a93b0ac4411/xfl2010.pdf,INDUCTOR SMD 820 nH ±20% AEC-Q200,Coilcraft,XFL2010-821ME,±20%,XFL2010,https://www.trustedparts.com/en/search/XFL2010-821ME
L_XFL2010-102ME,L,1 µH,footprints:XFL2010,https://www.coilcraft.com/getmedia/50382b97-998f-4b75-b5ee-4a93b0ac4411/xfl2010.pdf,INDUCTOR SMD 1 µH ±20% AEC-Q200,Coilcraft,XFL2010-102ME,±20%,XFL2010,https://www.trustedparts.com/en/search/XFL2010-102ME
L_XFL2010-152ME,L,1.5 µH,footprints:XFL2010,https://www.coilcraft.com/getmedia/50382b97-998f-4b75-b5ee-4a93b0ac4411/xfl2010.pdf,INDUCTOR SMD 1.5 µH ±20% AEC-Q200,Coilcraft,XFL2010-152ME,±20%,XFL2010,https://www.trustedparts.com/en/search/XFL2010-152ME
L_XFL2010-222ME,L,2.2 µH,footprints:XFL2010,https://www.coilcraft.com/getmedia/50382b97-998f-4b75-b5ee-4a93b0ac4411/xfl2010.pdf,INDUCTOR SMD 2.2 µH ±20% AEC-Q200,Coilcraft,XFL2010-222ME,±20%,XFL2010,https://www.trustedparts.com/en/search/XFL2010-222ME
L_XFL2010-332ME,L,3.3 µH,footprints:XFL2010,https://www.coilcraft.com/getmedia/50382b97-998f-4b75-b5ee-4a93b0ac4411/xfl2010.pdf,INDUCTOR SMD 3.3 µH ±20% AEC-Q200,Coilcraft,XFL2010-332ME,±20%,XFL2010,https://www.trustedparts.com/en/search/XFL2010-332ME
L_XFL2010-472ME,L,4.7 µH,footprints:XFL2010,https://www.coilcraft.com/getmedia/50382b97-998f-4b75-b5ee-4a93b0ac4411/xfl2010.pdf,INDUCTOR SMD 4.7 µH ±20% AEC-Q200,Coilcraft,XFL2010-472ME,±20%,XFL2010,https://www.trustedparts.com/en/search/XFL2010-472ME
L_XFL2010-682ME,L,6.8 µH,footprints:XFL2010,https://www.coilcraft.com/getmedia/50382b97-998f-4b75-b5ee-4a93b0ac4411/xfl2010.pdf,INDUCTOR SMD 6.8 µH ±20% AEC-Q200,Coilcraft,XFL2010-682ME,±20%,XFL2010,https://www.trustedparts.com/en/search/XFL2010-682ME
L_XFL2010-822ME,L,8.2 µH,footprints:XFL2010,https://www.coilcraft.com/getmedia/50382b97-998f-4b75-b5ee-4a93b0ac4411/xfl2010.pdf,INDUCTOR SMD 8.2 µH ±20% AEC-Q200,Coilcraft,XFL2010-822ME,±20%,XFL2010,https://www.trustedparts.com/en/search/XFL2010-822ME
L_XFL2010-103ME,L,10 µH,footprints:XFL2010,https://www.coilcraft.com/getmedia/50382b97-998f-4b75-b5ee-4a93b0ac4411/xfl2010.pdf,INDUCTOR SMD 10 µH ±20% AEC-Q200,Coilcraft,XFL2010-103ME,±20%,XFL2010,https://www.trustedparts.com/en/search/XFL2010-103ME
L_XFL2010-183ME,L,18 µH,footprints:XFL2010,https://www.coilcraft.com/getmedia/50382b97-998f-4b75-b5ee-4a93b0ac4411/xfl2010.pdf,INDUCTOR SMD 18 µH ±20% AEC-Q200,Coilcraft,XFL2010-183ME,±20%,XFL2010,https://www.trustedparts.com/en/search/XFL2010-183ME
L_XFL2010-223ME,L,22 µH,footprints:XFL2010,https://www.coilcraft.com/getmedia/50382b97-998f-4b75-b5ee-4a93b0ac4411/xfl2010.pdf,INDUCTOR SMD 22 µH ±20% AEC-Q200,Coilcraft,XFL2010-223ME,±20%,XFL2010,https://www.trustedparts.com/en/search/XFL2010-223ME
L_XFL2010-333ME,L,33 µH,footprints:XFL2010,https://www.coilcraft.com/getmedia/50382b97-998f-4b75-b5ee-4a93b0ac4411/xfl2010.pdf,INDUCTOR SMD 33 µH ±20% AEC-Q200,Coilcraft,XFL2010-333ME,±20%,XFL2010,https://www.trustedparts.com/en/search/XFL2010-333ME
L_XFL2010-473ME,L,47 µH,footprints:XFL2010,https://www.coilcraft.com/getmedia/50382b97-998f-4b75-b5ee-4a93b0ac4411/xfl2010.pdf,INDUCTOR SMD 47 µH ±20% AEC-Q200,Coilcraft,XFL2010-473ME,±20%,XFL2010,https://www.trustedparts.com/en/search/XFL2010-473ME
L_XFL2010-563ME,L,56 µH,footprints:XFL2010,https://www.coilcraft.com/getmedia/50382b97-998f-4b75-b5ee-4a93b0ac4411/xfl2010.pdf,INDUCTOR SMD 56 µH ±20% AEC-Q200,Coilcraft,XFL2010-563ME,±20%,XFL2010,https://www.trustedparts.com/en/search/XFL2010-563ME
L_XFL2010-683ME,L,68 µH,footprints:XFL2010,https://www.coilcraft.com/getmedia/50382b97-998f-4b75-b5ee-4a93b0ac4411/xfl2010.pdf,INDUCTOR SMD 68 µH ±20% AEC-Q200,Coilcraft,XFL2010-683ME,±20%,XFL2010,https://www.trustedparts.com/en/search/XFL2010-683ME
L_XFL2010-823ME,L,82 µH,footprints:XFL2010,https://www.coilcraft.com/getmedia/50382b97-998f-4b75-b5ee-4a93b0ac4411/xfl2010.pdf,INDUCTOR SMD 82 µH ±20% AEC-Q200,Coilcraft,XFL2010-823ME,±20%,XFL2010,https://www.trustedparts.com/en/search/XFL2010-823ME
L_XFL2010-104ME,L,100 µH,footprints:XFL2010,https://www.coilcraft.com/getmedia/50382b97-998f-4b75-b5ee-4a93b0ac4411/xfl2010.pdf,INDUCTOR SMD 100 µH ±20% AEC-Q200,Coilcraft,XFL2010-104ME,±20%,XFL2010,https://www.trustedparts.com/en/search/XFL2010-104ME
L_XFL2010-224ME,L,220 µH,footprints:XFL2010,https://www.coilcraft.com/getmedia/50382b97-998f-4b75-b5ee-4a93b0ac4411/xfl2010.pdf,INDUCTOR SMD 220 µH ±20% AEC-Q200,Coilcraft,XFL2010-224ME,±20%,XFL2010,https://www.trustedparts.com/en/search/XFL2010-224ME
L_XFL3012-331ME,L,330 nH,footprints:XFL3012,https://www.coilcraft.com/getmedia/f76a3c9b-4fff-4397-8028-ef8e043eb200/xfl3012.pdf,INDUCTOR SMD 330 nH ±20% AEC-Q200,Coilcraft,XFL3012-331ME,±20%,XFL3012,https://www.trustedparts.com/en/search/XFL3012-331ME
L_XFL3012-561ME,L,560 nH,footprints:XFL3012,https://www.coilcraft.com/getmedia/f76a3c9b-4fff-4397-8028-ef8e043eb200/xfl3012.pdf,INDUCTOR SMD 560 nH ±20% AEC-Q200,Coilcraft,XFL3012-561ME,±20%,XFL3012,https://www.trustedparts.com/en/search/XFL3012-561ME
L_XFL3012-681ME,L,680 nH,footprints:XFL3012,https://www.coilcraft.com/getmedia/f76a3c9b-4fff-4397-8028-ef8e043eb200/xfl3012.pdf,INDUCTOR SMD 680 nH ±20% AEC-Q200,Coilcraft,XFL3012-681ME,±20%,XFL3012,https://www.trustedparts.com/en/search/XFL3012-681ME
L_XFL3012-102ME,L,1 µH,footprints:XFL3012,https://www.coilcraft.com/getmedia/f76a3c9b-4fff-4397-8028-ef8e043eb200/xfl3012.pdf,INDUCTOR SMD 1 µH ±20% AEC-Q200,Coilcraft,XFL3012-102ME,±20%,XFL3012,https://www.trustedparts.com/en/search/XFL3012-102ME
L_XFL3012-152ME,L,1.5 µH,footprints:XFL3012,https://www.coilcraft.com/getmedia/f76a3c9b-4fff-4397-8028-ef8e043eb200/xfl3012.pdf,INDUCTOR SMD 1.5 µH ±20% AEC-Q200,Coilcraft,XFL3012-152ME,±20%,XFL3012,https://www.trustedparts.com/en/search/XFL3012-152ME
L_XFL3012-222ME,L,2.2 µH,footprints:XFL3012,https://www.coilcraft.com/getmedia/f76a3c9b-4fff-4397-8028-ef8e043eb200/xfl3012.pdf,INDUCTOR SMD 2.2 µH ±20% AEC-Q200,Coilcraft,XFL3012-222ME,±20%,XFL3012,https://www.trustedparts.com/en/search/XFL3012-222ME
L_XFL3012-332ME,L,3.3 µH,footprints:XFL3012,https://www.coilcraft.com/getmedia/f76a3c9b-4fff-4397-8028-ef8e043eb200/xfl3012.pdf,INDUCTOR SMD 3.3 µH ±20% AEC-Q200,Coilcraft,XFL3012-332ME,±20%,XFL3012,https://www.trustedparts.com/en/search/XFL3012-332ME
L_XFL3012-472ME,L,4.7 µH,footprints:XFL3012,https://www.coilcraft.com/getmedia/f76a3c9b-4fff-4397-8028-ef8e043eb200/xfl3012.pdf,INDUCTOR SMD 4.7 µH ±20% AEC-Q200,Coilcraft,XFL3012-472ME,±20%,XFL3012,https://www.trustedparts.com/en/search/XFL3012-472ME
L_XFL3012-682ME,L,6.8 µH,footprints:XFL3012,https://www.coilcraft.com/getmedia/f76a3c9b-4fff-4397-8028-ef8e043eb200/xfl3012.pdf,INDUCTOR SMD 6.8 µH ±20% AEC-Q200,Coilcraft,XFL3012-682ME,±20%,XFL3012,https://www.trustedparts.com/en/search/XFL3012-682ME
L_XFL3012-103ME,L,10 µH,footprints:XFL3012,https://www.coilcraft.com/getmedia/f76a3c9b-4fff-4397-8028-ef8e043eb200/xfl3012.pdf,INDUCTOR SMD 10 µH ±20% AEC-Q200,Coilcraft,XFL3012-103ME,±20%,XFL3012,https://www.trustedparts.com/en/search/XFL3012-103ME
L_XFL3012-153ME,L,15 µH,footprints:XFL3012,https://www.coilcraft.com/getmedia/f76a3c9b-4fff-4397-8028-ef8e043eb200/xfl3012.pdf,INDUCTOR SMD 15 µH ±20% AEC-Q200,Coilcraft,XFL3012-153ME,±20%,XFL3012,https://www.trustedparts.com/en/search/XFL3012-153ME
L_XFL3012-223ME,L,22 µH,footprints:XFL3012,https://www.coilcraft.com/getmedia/f76a3c9b-4fff-4397-8028-ef8e043eb200/xfl3012.pdf,INDUCTOR SMD 22 µH ±20% AEC-Q200,Coilcraft,XFL3012-223ME,±20%,XFL3012,https://www.trustedparts.com/en/search/XFL3012-223ME
L_XFL3012-333ME,L,33 µH,footprints:XFL3012,https://www.coilcraft.com/getmedia/f76a3c9b-4fff-4397-8028-ef8e043eb200/xfl3012.pdf,INDUCTOR SMD 33 µH ±20% AEC-Q200,Coilcraft,XFL3012-333ME,±20%,XFL3012,https://www.trustedparts.com/en/search/XFL3012-333ME
L_XFL3012-393ME,L,39 µH,footprints:XFL3012,https://www.coilcraft.com/getmedia/f76a3c9b-4fff-4397-8028-ef8e043eb200/xfl3012.pdf,INDUCTOR SMD 39 µH ±20% AEC-Q200,Coilcraft,XFL3012-393ME,±20%,XFL3012,https://www.trustedparts.com/en/search/XFL3012-393ME
L_XFL3012-473ME,L,47 µH,footprints:XFL3012,https://www.coilcraft.com/getmedia/f76a3c9b-4fff-4397-8028-ef8e043eb200/xfl3012.pdf,INDUCTOR SMD 47 µH ±20% AEC-Q200,Coilcraft,XFL3012-473ME,±20%,XFL3012,https://www.trustedparts.com/en/search/XFL3012-473ME
L_XFL3012-563ME,L,56 µH,footprints:XFL3012,https://www.coilcraft.com/getmedia/f76a3c9b-4fff-4397-8028-ef8e043eb200/xfl3012.pdf,INDUCTOR SMD 56 µH ±20% AEC-Q200,Coilcraft,XFL3012-563ME,±20%,XFL3012,https://www.trustedparts.com/en/search/XFL3012-563ME
L_XFL3012-683ME,L,68 µH,footprints:XFL3012,https://www.coilcraft.com/getmedia/f76a3c9b-4fff-4397-8028-ef8e043eb200/xfl3012.pdf,INDUCTOR SMD 68 µH ±20% AEC-Q200,Coilcraft,XFL3012-683ME,±20%,XFL3012,https://www.trustedparts.com/en/search/XFL3012-683ME
L_XFL3012-823ME,L,82 µH,footprints:XFL3012,https://www.coilcraft.com/getmedia/f76a3c9b-4fff-4397-8028-ef8e043eb200/xfl3012.pdf,INDUCTOR SMD 82 µH ±20% AEC-Q200,Coilcraft,XFL3012-823ME,±20%,XFL3012,https://www.trustedparts.com/en/search/XFL3012-823ME
L_XFL3012-104ME,L,100 µH,footprints:XFL3012,https://www.coilcraft.com/getmedia/f76a3c9b-4fff-4397-8028-ef8e043eb200/xfl3012.pdf,INDUCTOR SMD 100 µH ±20% AEC-Q200,Coilcraft,XFL3012-104ME,±20%,XFL3012,https://www.trustedparts.com/en/search/XFL3012-104ME
L_XFL3012-224ME,L,220 µH,footprints:XFL3012,https://www.coilcraft.com/getmedia/f76a3c9b-4fff-4397-8028-ef8e043eb200/xfl3012.pdf,INDUCTOR SMD 220 µH ±20% AEC-Q200,Coilcraft,XFL3012-224ME,±20%,XFL3012,https://www.trustedparts.com/en/search/XFL3012-224ME
L_XFL3010-601ME,L,600 nH,footprints:XFL3010,https://www.coilcraft.com/getmedia/0118859e-f2e2-4063-93cf-e50ed636ea4e/xfl3010.pdf,INDUCTOR SMD 600 nH ±20% AEC-Q200,Coilcraft,XFL3010-601ME,±20%,XFL3010,https://www.trustedparts.com/en/search/XFL3010-601ME
L_XFL3010-102ME,L,1 µH,footprints:XFL3010,https://www.coilcraft.com/getmedia/0118859e-f2e2-4063-93cf-e50ed636ea4e/xfl3010.pdf,INDUCTOR SMD 1 µH ±20% AEC-Q200,Coilcraft,XFL3010-102ME,±20%,XFL3010,https://www.trustedparts.com/en/search/XFL3010-102ME
L_XFL3010-152ME,L,1.5 µH,footprints:XFL3010,https://www.coilcraft.com/getmedia/0118859e-f2e2-4063-93cf-e50ed636ea4e/xfl3010.pdf,INDUCTOR SMD 1.5 µH ±20% AEC-Q200,Coilcraft,XFL3010-152ME,±20%,XFL3010,https://www.trustedparts.com/en/search/XFL3010-152ME
L_XFL3010-222ME,L,2.2 µH,footprints:XFL3010,https://www.coilcraft.com/getmedia/0118859e-f2e2-4063-93cf-e50ed636ea4e/xfl3010.pdf,INDUCTOR SMD 2.2 µH ±20% AEC-Q200,Coilcraft,XFL3010-222ME,±20%,XFL3010,https://www.trustedparts.com/en/search/XFL3010-222ME
L_XFL3010-332ME,L,3.3 µH,footprints:XFL3010,https://www.coilcraft.com/getmedia/0118859e-f2e2-4063-93cf-e50ed636ea4e/xfl3010.pdf,INDUCTOR SMD 3.3 µH ±20% AEC-Q200,Coilcraft,XFL3010-332ME,±20%,XFL3010,https://www.trustedparts.com/en/search/XFL3010-332ME
L_XFL3010-472ME,L,4.7 µH,footprints:XFL3010,https://www.coilcraft.com/getmedia/0118859e-f2e2-4063-93cf-e50ed636ea4e/xfl3010.pdf,INDUCTOR SMD 4.7 µH ±20% AEC-Q200,Coilcraft,XFL3010-472ME,±20%,XFL3010,https://www.trustedparts.com/en/search/XFL3010-472ME
L_XFL3010-682ME,L,6.8 µH,footprints:XFL3010,https://www.coilcraft.com/getmedia/0118859e-f2e2-4063-93cf-e50ed636ea4e/xfl3010.pdf,INDUCTOR SMD 6.8 µH ±20% AEC-Q200,Coilcraft,XFL3010-682ME,±20%,XFL3010,https://www.trustedparts.com/en/search/XFL3010-682ME
L_XFL3010-103ME,L,10 µH,footprints:XFL3010,https://www.coilcraft.com/getmedia/0118859e-f2e2-4063-93cf-e50ed636ea4e/xfl3010.pdf,INDUCTOR SMD 10 µH ±20% AEC-Q200,Coilcraft,XFL3010-103ME,±20%,XFL3010,https://www.trustedparts.com/en/search/XFL3010-103ME
L_XFL3010-153ME,L,15 µH,footprints:XFL3010,https://www.coilcraft.com/getmedia/0118859e-f2e2-4063-93cf-e50ed636ea4e/xfl3010.pdf,INDUCTOR SMD 15 µH ±20% AEC-Q200,Coilcraft,XFL3010-153ME,±20%,XFL3010,https://www.trustedparts.com/en/search/XFL3010-153ME
L_XFL3010-223ME,L,22 µH,footprints:XFL3010,https://www.coilcraft.com/getmedia/0118859e-f2e2-4063-93cf-e50ed636ea4e/xfl3010.pdf,INDUCTOR SMD 22 µH ±20% AEC-Q200,Coilcraft,XFL3010-223ME,±20%,XFL3010,https://www.trustedparts.com/en/search/XFL3010-223ME
L_XFL3010-333ME,L,33 µH,footprints:XFL3010,https://www.coilcraft.com/getmedia/0118859e-f2e2-4063-93cf-e50ed636ea4e/xfl3010.pdf,INDUCTOR SMD 33 µH ±20% AEC-Q200,Coilcraft,XFL3010-333ME,±20%,XFL3010,https://www.trustedparts.com/en/search/XFL3010-333ME
L_XFL3010-473ME,L,47 µH,footprints:XFL3010,https://www.coilcraft.com/getmedia/0118859e-f2e2-4063-93cf-e50ed636ea4e/xfl3010.pdf,INDUCTOR SMD 47 µH ±20% AEC-Q200,Coilcraft,XFL3010-473ME,±20%,XFL3010,https://www.trustedparts.com/en/search/XFL3010-473ME
L_XFL3010-683ME,L,68 µH,footprints:XFL3010,https://www.coilcraft.com/getmedia/0118859e-f2e2-4063-93cf-e50ed636ea4e/xfl3010.pdf,INDUCTOR SMD 68 µH ±20% AEC-Q200,Coilcraft,XFL3010-683ME,±20%,XFL3010,https://www.trustedparts.com/en/search/XFL3010-683ME
L_XFL3010-823ME,L,82 µH,footprints:XFL3010,https://www.coilcraft.com/getmedia/0118859e-f2e2-4063-93cf-e50ed636ea4e/xfl3010.pdf,INDUCTOR SMD 82 µH ±20% AEC-Q200,Coilcraft,XFL3010-823ME,±20%,XFL3010,https://www.trustedparts.com/en/search/XFL3010-823ME
L_XFL3010-104ME,L,100 µH,footprints:XFL3010,https://www.coilcraft.com/getmedia/0118859e-f2e2-4063-93cf-e50ed636ea4e/xfl3010.pdf,INDUCTOR SMD 100 µH ±20% AEC-Q200,Coilcraft,XFL3010-104ME,±20%,XFL3010,https://www.trustedparts.com/en/search/XFL3010-104ME
L_XFL4012-121ME,L,120 nH,footprints:XFL4012,https://www.coilcraft.com/getmedia/2d7c4d90-1677-4c05-9569-33b6dc7153e7/xfl4012.pdf,INDUCTOR SMD 120 nH ±20% AEC-Q200,Coilcraft,XFL4012-121ME,±20%,XFL4012,https://www.trustedparts.com/en/search/XFL4012-121ME
L_XFL4012-251ME,L,250 nH,footprints:XFL4012,https://www.coilcraft.com/getmedia/2d7c4d90-1677-4c05-9569-33b6dc7153e7/xfl4012.pdf,INDUCTOR SMD 250 nH ±20% AEC-Q200,Coilcraft,XFL4012-251ME,±20%,XFL4012,https://www.trustedparts.com/en/search/XFL4012-251ME
L_XFL4012-471ME,L,470 nH,footprints:XFL4012,https://www.coilcraft.com/getmedia/2d7c4d90-1677-4c05-9569-33b6dc7153e7/xfl4012.pdf,INDUCTOR SMD 470 nH ±20% AEC-Q200,Coilcraft,XFL4012-471ME,±20%,XFL4012,https://www.trustedparts.com/en/search/XFL4012-471ME
L_XFL4012-601ME,L,600 nH,footprints:XFL4012,https://www.coilcraft.com/getmedia/2d7c4d90-1677-4c05-9569-33b6dc7153e7/xfl4012.pdf,INDUCTOR SMD 600 nH ±20% AEC-Q200,Coilcraft,XFL4012-601ME,±20%,XFL4012,https://www.trustedparts.com/en/search/XFL4012-601ME
L_XFL4015-181ME,L,180 nH,footprints:XFL4015,https://www.coilcraft.com/getmedia/84927b8b-f089-421b-a7f4-a0fa23afe908/xfl4015.pdf,INDUCTOR SMD 180 nH ±20% AEC-Q200,Coilcraft,XFL4015-181ME,±20%,XFL4015,https://www.trustedparts.com/en/search/XFL4015-181ME
L_XFL4015-331ME,L,330 nH,footprints:XFL4015,https://www.coilcraft.com/getmedia/84927b8b-f089-421b-a7f4-a0fa23afe908/xfl4015.pdf,INDUCTOR SMD 330 nH ±20% AEC-Q200,Coilcraft,XFL4015-331ME,±20%,XFL4015,https://www.trustedparts.com/en/search/XFL4015-331ME
L_XFL4015-471ME,L,470 nH,footprints:XFL4015,https://www.coilcraft.com/getmedia/84927b8b-f089-421b-a7f4-a0fa23afe908/xfl4015.pdf,INDUCTOR SMD 470 nH ±20% AEC-Q200,Coilcraft,XFL4015-471ME,±20%,XFL4015,https://www.trustedparts.com/en/search/XFL4015-471ME
L_XFL4015-701ME,L,700 nH,footprints:XFL4015,https://www.coilcraft.com/getmedia/84927b8b-f089-421b-a7f4-a0fa23afe908/xfl4015.pdf,INDUCTOR SMD 700 nH ±20% AEC-Q200,Coilcraft,XFL4015-701ME,±20%,XFL4015,https://www.trustedparts.com/en/search/XFL4015-701ME
L_XFL4015-122ME,L,1.2 µH,footprints:XFL4015,https://www.coilcraft.com/getmedia/84927b8b-f089-421b-a7f4-a0fa23afe908/xfl4015.pdf,INDUCTOR SMD 1.2 µH ±20% AEC-Q200,Coilcraft,XFL4015-122ME,±20%,XFL4015,https://www.trustedparts.com/en/search/XFL4015-122ME
L_XFL4020-121ME,L,120 nH,footprints:XFL4020,https://www.coilcraft.com/getmedia/50632d43-da1b-4cdb-8ab4-3029cab51df3/xfl4020.pdf,INDUCTOR SMD 120 nH ±20% AEC-Q200,Coilcraft,XFL4020-121ME,±20%,XFL4020,https://www.trustedparts.com/en/search/XFL4020-121ME
L_XFL4020-241ME,L,240 nH,footprints:XFL4020,https://www.coilcraft.com/getmedia/50632d43-da1b-4cdb-8ab4-3029cab51df3/xfl4020.pdf,INDUCTOR SMD 240 nH ±20% AEC-Q200,Coilcraft,XFL4020-241ME,±20%,XFL4020,https://www.trustedparts.com/en/search/XFL4020-241ME
L_XFL4020-331ME,L,330 nH,footprints:XFL4020,https://www.coilcraft.com/getmedia/50632d43-da1b-4cdb-8ab4-3029cab51df3/xfl4020.pdf,INDUCTOR SMD 330 nH ±20% AEC-Q200,Coilcraft,XFL4020-331ME,±20%,XFL4020,https://www.trustedparts.com/en/search/XFL4020-331ME
L_XFL4020-471ME,L,470 nH,footprints:XFL4020,https://www.coilcraft.com/getmedia/50632d43-da1b-4cdb-8ab4-3029cab51df3/xfl4020.pdf,INDUCTOR SMD 470 nH ±20% AEC-Q200,Coilcraft,XFL4020-471ME,±20%,XFL4020,https://www.trustedparts.com/en/search/XFL4020-471ME
L_XFL4020-561ME,L,560 nH,footprints:XFL4020,https://www.coilcraft.com/getmedia/50632d43-da1b-4cdb-8ab4-3029cab51df3/xfl4020.pdf,INDUCTOR SMD 560 nH ±20% AEC-Q200,Coilcraft,XFL4020-561ME,±20%,XFL4020,https://www.trustedparts.com/en/search/XFL4020-561ME
L_XFL4020-102ME,L,1 µH,footprints:XFL4020,https://www.coilcraft.com/getmedia/50632d43-da1b-4cdb-8ab4-3029cab51df3/xfl4020.pdf,INDUCTOR SMD 1 µH ±20% AEC-Q200,Coilcraft,XFL4020-102ME,±20%,XFL4020,https://www.trustedparts.com/en/search/XFL4020-102ME
L_XFL4020-152ME,L,1.5 µH,footprints:XFL4020,https://www.coilcraft.com/getmedia/50632d43-da1b-4cdb-8ab4-3029cab51df3/xfl4020.pdf,INDUCTOR SMD 1.5 µH ±20% AEC-Q200,Coilcraft,XFL4020-152ME,±20%,XFL4020,https://www.trustedparts.com/en/search/XFL4020-152ME
L_XFL4020-222ME,L,2.2 µH,footprints:XFL4020,https://www.coilcraft.com/getmedia/50632d43-da1b-4cdb-8ab4-3029cab51df3/xfl4020.pdf,INDUCTOR SMD 2.2 µH ±20% AEC-Q200,Coilcraft,XFL4020-222ME,±20%,XFL4020,https://www.trustedparts.com/en/search/XFL4020-222ME
L_XFL4020-332ME,L,3.3 µH,footprints:XFL4020,https://www.coilcraft.com/getmedia/50632d43-da1b-4cdb-8ab4-3029cab51df3/xfl4020.pdf,INDUCTOR SMD 3.3 µH ±20% AEC-Q200,Coilcraft,XFL4020-332ME,±20%,XFL4020,https://www.trustedparts.com/en/search/XFL4020-332ME
L_XFL4020-472ME,L,4.7 µH,footprints:XFL4020,https://www.coilcraft.com/getmedia/50632d43-da1b-4cdb-8ab4-3029cab51df3/xfl4020.pdf,INDUCTOR SMD 4.7 µH ±20% AEC-Q200,Coilcraft,XFL4020-472ME,±20%,XFL4020,https://www.trustedparts.com/en/search/XFL4020-472ME
L_XFL4030-471ME,L,470 nH,footprints:XFL4030,https://www.coilcraft.com/getmedia/d12f7f67-cfc1-404a-9993-f09a1451b0a9/xfl4030.pdf,INDUCTOR SMD 470 nH ±20% AEC-Q200,Coilcraft,XFL4030-471ME,±20%,XFL4030,https://www.trustedparts.com/en/search/XFL4030-471ME
L_XFL4030-102ME,L,1 µH,footprints:XFL4030,https://www.coilcraft.com/getmedia/d12f7f67-cfc1-404a-9993-f09a1451b0a9/xfl4030.pdf,INDUCTOR SMD 1 µH ±20% AEC-Q200,Coilcraft,XFL4030-102ME,±20%,XFL4030,https://www.trustedparts.com/en/search/XFL4030-102ME
L_XFL4030-202ME,L,2 µH,footprints:XFL4030,https://www.coilcraft.com/getmedia/d12f7f67-cfc1-404a-9993-f09a1451b0a9/xfl4030.pdf,INDUCTOR SMD 2 µH ±20% AEC-Q200,Coilcraft,XFL4030-202ME,±20%,XFL4030,https://www.trustedparts.com/en/search/XFL4030-202ME
L_XFL4030-302ME,L,3 µH,footprints:XFL4030,https://www.coilcraft.com/getmedia/d12f7f67-cfc1-404a-9993-f09a1451b0a9/xfl4030.pdf,INDUCTOR SMD 3 µH ±20% AEC-Q200,Coilcraft,XFL4030-302ME,±20%,XFL4030,https://www.trustedparts.com/en/search/XFL4030-302ME
L_XFL4030-472ME,L,4.7 µH,footprints:XFL4030,https://www.coilcraft.com/getmedia/d12f7f67-cfc1-404a-9993-f09a1451b0a9/xfl4030.pdf,INDUCTOR SMD 4.7 µH ±20% AEC-Q200,Coilcraft,XFL4030-472ME,±20%,XFL4030,https://www.trustedparts.com/en/search/XFL4030-472ME
L_XFL5015-221ME,L,220 nH,footprints:XFL5015,https://www.coilcraft.com/getmedia/5f7b596c-8f2f-415e-931e-74a5b6804936/xfl5015.pdf,INDUCTOR SMD 220 nH ±20% AEC-Q200,Coilcraft,XFL5015-221ME,±20%,XFL5015,https://www.trustedparts.com/en/search/XFL5015-221ME
L_XFL5015-421ME,L,420 nH,footprints:XFL5015,https://www.coilcraft.com/getmedia/5f7b596c-8f2f-415e-931e-74a5b6804936/xfl5015.pdf,INDUCTOR SMD 420 nH ±20% AEC-Q200,Coilcraft,XFL5015-421ME,±20%,XFL5015,https://www.trustedparts.com/en/search/XFL5015-421ME
L_XFL5015-681ME,L,680 nH,footprints:XFL5015,https://www.coilcraft.com/getmedia/5f7b596c-8f2f-415e-931e-74a5b6804936/xfl5015.pdf,INDUCTOR SMD 680 nH ±20% AEC-Q200,Coilcraft,XFL5015-681ME,±20%,XFL5015,https://www.trustedparts.com/en/search/XFL5015-681ME
L_XFL5015-122ME,L,1.2 µH,footprints:XFL5015,https://www.coilcraft.com/getmedia/5f7b596c-8f2f-415e-931e-74a5b6804936/xfl5015.pdf,INDUCTOR SMD 1.2 µH ±20% AEC-Q200,Coilcraft,XFL5015-122ME,±20%,XFL5015,https://www.trustedparts.com/en/search/XFL5015-122ME
L_XFL5015-152ME,L,1.5 µH,footprints:XFL5015,https://www.coilcraft.com/getmedia/5f7b596c-8f2f-415e-931e-74a5b6804936/xfl5015.pdf,INDUCTOR SMD 1.5 µH ±20% AEC-Q200,Coilcraft,XFL5015-152ME,±20%,XFL5015,https://www.trustedparts.com/en/search/XFL5015-152ME
L_XFL5018-222ME,L,2.2 µH,footprints:XFL5018,https://www.coilcraft.com/getmedia/5f7b596c-8f2f-415e-931e-74a5b6804936/xfl5015.pdf,INDUCTOR SMD 2.2 µH ±20% AEC-Q200,Coilcraft,XFL5018-222ME,±20%,XFL5018,https://www.trustedparts.com/en/search/XFL5018-222ME
L_XFL5018-332ME,L,3.3 µH,footprints:XFL5018,https://www.coilcraft.com/getmedia/5f7b596c-8f2f-415e-931e-74a5b6804936/xfl5015.pdf,INDUCTOR SMD 3.3 µH ±20% AEC-Q200,Coilcraft,XFL5018-332ME,±20%,XFL5018,https://www.trustedparts.com/en/search/XFL5018-332ME
L_XFL5030-271ME,L,270 nH,footprints:XFL5030,https://www.coilcraft.com/getmedia/f01e4ccd-6be9-43eb-bb01-c23b4deeb2c5/xfl5030.pdf,INDUCTOR SMD 270 nH ±20% AEC-Q200,Coilcraft,XFL5030-271ME,±20%,XFL5030,https://www.trustedparts.com/en/search/XFL5030-271ME
L_XFL5030-561ME,L,560 nH,footprints:XFL5030,https://www.coilcraft.com/getmedia/f01e4ccd-6be9-43eb-bb01-c23b4deeb2c5/xfl5030.pdf,INDUCTOR SMD 560 nH ±20% AEC-Q200,Coilcraft,XFL5030-561ME,±20%,XFL5030,https://www.trustedparts.com/en/search/XFL5030-561ME
L_XFL5030-102ME,L,1 µH,footprints:XFL5030,https://www.coilcraft.com/getmedia/f01e4ccd-6be9-43eb-bb01-c23b4deeb2c5/xfl5030.pdf,INDUCTOR SMD 1 µH ±20% AEC-Q200,Coilcraft,XFL5030-102ME,±20%,XFL5030,https://www.trustedparts.com/en/search/XFL5030-102ME
L_XFL5030-222ME,L,2.2 µH,footprints:XFL5030,https://www.coilcraft.com/getmedia/f01e4ccd-6be9-43eb-bb01-c23b4deeb2c5/xfl5030.pdf,INDUCTOR SMD 2.2 µH ±20% AEC-Q200,Coilcraft,XFL5030-222ME,±20%,XFL5030,https://www.trustedparts.com/en/search/XFL5030-222ME
L_XFL5030-332ME,L,3.3 µH,footprints:XFL5030,https://www.coilcraft.com/getmedia/f01e4ccd-6be9-43eb-bb01-c23b4deeb2c5/xfl5030.pdf,INDUCTOR SMD 3.3 µH ±20% AEC-Q200,Coilcraft,XFL5030-332ME,±20%,XFL5030,https://www.trustedparts.com/en/search/XFL5030-332ME
L_XFL5030-472ME,L,4.7 µH,footprints:XFL5030,https://www.coilcraft.com/getmedia/f01e4ccd-6be9-43eb-bb01-c23b4deeb2c5/xfl5030.pdf,INDUCTOR SMD 4.7 µH ±20% AEC-Q200,Coilcraft,XFL5030-472ME,±20%,XFL5030,https://www.trustedparts.com/en/search/XFL5030-472ME
L_XFL6012-181ME,L,180 nH,footprints:XFL6012,https://www.coilcraft.com/getmedia/ae4a44fc-deeb-45d7-81a6-abe1d0432add/xfl6012.pdf,INDUCTOR SMD 180 nH ±20% AEC-Q200,Coilcraft,XFL6012-181ME,±20%,XFL6012,https://www.trustedparts.com/en/search/XFL6012-181ME
L_XFL6012-391ME,L,390 nH,footprints:XFL6012,https://www.coilcraft.com/getmedia/ae4a44fc-deeb-45d7-81a6-abe1d0432add/xfl6012.pdf,INDUCTOR SMD 390 nH ±20% AEC-Q200,Coilcraft,XFL6012-391ME,±20%,XFL6012,https://www.trustedparts.com/en/search/XFL6012-391ME
L_XFL6012-601ME,L,600 nH,footprints:XFL6012,https://www.coilcraft.com/getmedia/ae4a44fc-deeb-45d7-81a6-abe1d0432add/xfl6012.pdf,INDUCTOR SMD 600 nH ±20% AEC-Q200,Coilcraft,XFL6012-601ME,±20%,XFL6012,https://www.trustedparts.com/en/search/XFL6012-601ME
L_XFL6012-801ME,L,800 nH,footprints:XFL6012,https://www.coilcraft.com/getmedia/ae4a44fc-deeb-45d7-81a6-abe1d0432add/xfl6012.pdf,INDUCTOR SMD 800 nH ±20% AEC-Q200,Coilcraft,XFL6012-801ME,±20%,XFL6012,https://www.trustedparts.com/en/search/XFL6012-801ME
L_XFL6012-102ME,L,1 µH,footprints:XFL6012,https://www.coilcraft.com/getmedia/ae4a44fc-deeb-45d7-81a6-abe1d0432add/xfl6012.pdf,INDUCTOR SMD 1 µH ±20% AEC-Q200,Coilcraft,XFL6012-102ME,±20%,XFL6012,https://www.trustedparts.com/en/search/XFL6012-102ME
L_XFL6060-473ME,L,47 µH,footprints:XFL6060,https://www.coilcraft.com/getmedia/9e8cc1df-cee0-4215-90fb-b5193fa22761/xfl6060-473.pdf,INDUCTOR SMD 47 µH ±20% AEC-Q200,Coilcraft,XFL6060-473ME,±20%,XFL6060,https://www.trustedparts.com/en/search/XFL6060-473ME
L_XFL7015-251ME,L,250 nH,footprints:XFL7015,https://www.coilcraft.com/getmedia/ccf09628-6e8c-462a-9dc9-fa4346e7cf0a/xfl7015.pdf,INDUCTOR SMD 250 nH ±20% AEC-Q200,Coilcraft,XFL7015-251ME,±20%,XFL7015,https://www.trustedparts.com/en/search/XFL7015-251ME
L_XFL7015-471ME,L,470 nH,footprints:XFL7015,https://www.coilcraft.com/getmedia/ccf09628-6e8c-462a-9dc9-fa4346e7cf0a/xfl7015.pdf,INDUCTOR SMD 470 nH ±20% AEC-Q200,Coilcraft,XFL7015-471ME,±20%,XFL7015,https://www.trustedparts.com/en/search/XFL7015-471ME
L_XFL7015-681ME,L,680 nH,footprints:XFL7015,https://www.coilcraft.com/getmedia/ccf09628-6e8c-462a-9dc9-fa4346e7cf0a/xfl7015.pdf,INDUCTOR SMD 680 nH ±20% AEC-Q200,Coilcraft,XFL7015-681ME,±20%,XFL7015,https://www.trustedparts.com/en/search/XFL7015-681ME
L_XFL7015-102ME,L,1 µH,footprints:XFL7015,https://www.coilcraft.com/getmedia/ccf09628-6e8c-462a-9dc9-fa4346e7cf0a/xfl7015.pdf,INDUCTOR SMD 1 µH ±20% AEC-Q200,Coilcraft,XFL7015-102ME,±20%,XFL7015,https://www.trustedparts.com/en/search/XFL7015-102ME
L_XFL7015-152ME,L,1.5 µH,footprints:XFL7015,https://www.coilcraft.com/getmedia/ccf09628-6e8c-462a-9dc9-fa4346e7cf0a/xfl7015.pdf,INDUCTOR SMD 1.5 µH ±20% AEC-Q200,Coilcraft,XFL7015-152ME,±20%,XFL7015,https://www.trustedparts.com/en/search/XFL7015-152ME
